date,bidopen,bidclose,bidhigh,bidlow,tickqty,bid_hl,bid_co
2019-03-28 15:00:00,110.661,110.548,110.698,110.524,22366,0.17399999999999238,-0.11299999999999955
2019-03-28 16:00:00,110.548,110.609,110.672,110.539,16598,0.13299999999999557,0.06099999999999284
2019-03-28 17:00:00,110.609,110.562,110.659,110.531,11704,0.1280000000000001,-0.046999999999997044
2019-03-28 18:00:00,110.562,110.566,110.606,110.527,8689,0.07899999999999352,0.0040000000000048885
2019-03-28 19:00:00,110.566,110.572,110.625,110.563,8052,0.06199999999999761,0.006000000000000227
2019-03-28 20:00:00,110.572,110.609,110.696,110.568,2842,0.1280000000000001,0.03699999999999193
2019-03-28 21:00:00,110.609,110.626,110.657,110.577,6836,0.0799999999999983,0.017000000000010118
2019-03-28 22:00:00,110.626,110.65,110.663,110.609,2722,0.054000000000002046,0.02400000000000091
2019-03-28 23:00:00,110.65,110.626,110.708,110.607,6534,0.10099999999999909,-0.02400000000000091
2019-03-29 00:00:00,110.626,110.843,110.925,110.527,19228,0.39799999999999613,0.21699999999999875
2019-03-29 01:00:00,110.843,110.746,110.886,110.734,11489,0.15200000000000102,-0.09700000000000841
2019-03-29 02:00:00,110.746,110.761,110.793,110.739,7740,0.054000000000002046,0.015000000000000568
2019-03-29 03:00:00,110.761,110.722,110.79,110.709,4718,0.08100000000000307,-0.03900000000000148
2019-03-29 04:00:00,110.722,110.749,110.898,110.655,9508,0.242999999999995,0.027000000000001023
2019-03-29 05:00:00,110.749,110.738,110.78,110.68,8129,0.09999999999999432,-0.01099999999999568
2019-03-29 06:00:00,110.738,110.585,110.757,110.582,10505,0.17500000000001137,-0.1530000000000058
2019-03-29 07:00:00,110.585,110.736,110.756,110.547,10600,0.20900000000000318,0.15100000000001046
2019-03-29 08:00:00,110.736,110.753,110.841,110.688,13298,0.1529999999999916,0.016999999999995907
2019-03-29 09:00:00,110.753,110.792,110.81,110.749,9044,0.06100000000000705,0.03900000000000148
2019-03-29 10:00:00,110.792,110.777,110.806,110.714,8989,0.09199999999999875,-0.015000000000000568
2019-03-29 11:00:00,110.777,110.749,110.889,110.71,10437,0.17900000000000205,-0.028000000000005798
2019-03-29 12:00:00,110.749,110.804,110.811,110.63,13940,0.1810000000000116,0.05500000000000682
2019-03-29 13:00:00,110.804,110.739,110.844,110.725,15742,0.11899999999999977,-0.06499999999999773
2019-03-29 14:00:00,110.739,110.849,110.902,110.737,23894,0.16500000000000625,0.10999999999999943
2019-03-29 15:00:00,110.849,110.673,110.943,110.635,20493,0.3079999999999927,-0.17600000000000193
2019-03-29 16:00:00,110.673,110.818,110.821,110.666,14395,0.15500000000000114,0.14499999999999602
2019-03-29 17:00:00,110.818,110.764,110.837,110.714,7972,0.12300000000000466,-0.054000000000002046
2019-03-29 18:00:00,110.764,110.805,110.851,110.756,7671,0.09499999999999886,0.04100000000001103
2019-03-29 19:00:00,110.805,110.806,110.843,110.777,7831,0.0660000000000025,0.000999999999990564
2019-03-29 20:00:00,110.806,110.847,110.857,110.798,4645,0.0589999999999975,0.04099999999999682
2019-03-31 18:00:00,110.847,110.954,110.993,110.923,193,0.06999999999999318,0.10699999999999932
2019-03-31 19:00:00,110.954,111.007,111.018,110.94,215,0.07800000000000296,0.05300000000001148
2019-03-31 20:00:00,111.007,111.013,111.091,110.987,321,0.1039999999999992,0.006000000000000227
2019-03-31 21:00:00,111.013,110.932,111.041,110.878,1320,0.1629999999999967,-0.08100000000000307
2019-03-31 22:00:00,110.932,110.936,110.983,110.897,7250,0.08599999999999852,0.0040000000000048885
2019-03-31 23:00:00,110.936,110.982,110.995,110.869,10756,0.12600000000000477,0.04599999999999227
2019-04-01 00:00:00,110.982,111.075,111.08,110.955,14499,0.125,0.09300000000000352
2019-04-01 01:00:00,111.075,111.145,111.175,111.04,11333,0.1349999999999909,0.06999999999999318
2019-04-01 02:00:00,111.145,111.118,111.179,111.097,9539,0.08200000000000784,-0.027000000000001023
2019-04-01 03:00:00,111.118,111.076,111.12,111.039,7841,0.08100000000000307,-0.04200000000000159
2019-04-01 04:00:00,111.076,111.01,111.076,111.003,7236,0.07299999999999329,-0.06599999999998829
2019-04-01 05:00:00,111.01,111.038,111.053,110.99,8059,0.06300000000000239,0.027999999999991587
2019-04-01 06:00:00,111.038,111.061,111.138,111.017,13193,0.12100000000000932,0.023000000000010346
2019-04-01 07:00:00,111.061,111.04,111.111,110.994,12344,0.11700000000000443,-0.021000000000000796
2019-04-01 08:00:00,111.04,111.005,111.072,110.995,9187,0.07699999999999818,-0.0350000000000108
2019-04-01 09:00:00,111.005,110.991,111.032,110.95,8078,0.08199999999999363,-0.013999999999995794
2019-04-01 10:00:00,110.991,110.948,111.039,110.945,6621,0.0940000000000083,-0.043000000000006366
2019-04-01 11:00:00,110.948,110.981,110.997,110.942,4865,0.05500000000000682,0.03300000000000125
2019-04-01 12:00:00,110.981,110.932,110.995,110.796,16311,0.19899999999999807,-0.04899999999999238
2019-04-01 13:00:00,110.932,110.917,110.951,110.862,15000,0.08899999999999864,-0.015000000000000568
2019-04-01 14:00:00,110.917,111.191,111.229,110.919,25238,0.3100000000000023,0.2740000000000009
2019-04-01 15:00:00,111.191,111.291,111.312,111.175,11687,0.13700000000000045,0.09999999999999432
2019-04-01 16:00:00,111.291,111.417,111.438,111.285,8399,0.1530000000000058,0.12600000000000477
2019-04-01 17:00:00,111.417,111.373,111.427,111.35,5985,0.07700000000001239,-0.04399999999999693
2019-04-01 18:00:00,111.373,111.37,111.4,111.345,4531,0.05500000000000682,-0.0030000000000001137
2019-04-01 19:00:00,111.37,111.346,111.375,111.326,5747,0.049000000000006594,-0.02400000000000091
2019-04-01 20:00:00,111.346,111.337,111.383,111.316,6147,0.06699999999999307,-0.009000000000000341
2019-04-01 21:00:00,111.337,111.401,111.435,111.307,7587,0.1280000000000001,0.06399999999999295
2019-04-01 22:00:00,111.401,111.397,111.402,111.34,3541,0.06199999999999761,-0.003999999999990678
2019-04-01 23:00:00,111.397,111.443,111.45,111.383,4753,0.06700000000000728,0.04599999999999227
2019-04-02 00:00:00,111.443,111.383,111.444,111.314,10707,0.13000000000000966,-0.060000000000002274
2019-04-02 01:00:00,111.383,111.334,111.392,111.291,6484,0.10099999999999909,-0.04899999999999238
2019-04-02 02:00:00,111.334,111.328,111.336,111.283,4679,0.05299999999999727,-0.006000000000000227
2019-04-02 03:00:00,111.328,111.35,111.393,111.312,5784,0.08100000000000307,0.02199999999999136
2019-04-02 04:00:00,111.35,111.34,111.396,111.33,4015,0.0660000000000025,-0.009999999999990905
2019-04-02 05:00:00,111.34,111.337,111.385,111.32,5091,0.06500000000001194,-0.0030000000000001137
2019-04-02 06:00:00,111.337,111.368,111.371,111.279,7161,0.09199999999999875,0.0309999999999917
2019-04-02 07:00:00,111.368,111.364,111.415,111.35,8156,0.06500000000001194,-0.003999999999990678
2019-04-02 08:00:00,111.364,111.385,111.391,111.338,4948,0.05300000000001148,0.021000000000000796
2019-04-02 09:00:00,111.385,111.352,111.395,111.301,7295,0.09399999999999409,-0.03300000000000125
2019-04-02 10:00:00,111.352,111.35,111.374,111.315,5598,0.0589999999999975,-0.0020000000000095497
2019-04-02 11:00:00,111.35,111.359,111.381,111.286,7246,0.09499999999999886,0.009000000000000341
2019-04-02 12:00:00,111.359,111.367,111.379,111.309,11154,0.07000000000000739,0.008000000000009777
2019-04-02 13:00:00,111.367,111.374,111.395,111.294,10323,0.10099999999999909,0.006999999999990791
2019-04-02 14:00:00,111.374,111.297,111.426,111.287,11890,0.1389999999999958,-0.07699999999999818
2019-04-02 15:00:00,111.297,111.325,111.336,111.242,10641,0.09399999999999409,0.028000000000005798
2019-04-02 16:00:00,111.325,111.346,111.384,111.313,7719,0.07099999999999795,0.021000000000000796
2019-04-02 17:00:00,111.346,111.352,111.39,111.311,9993,0.07899999999999352,0.006000000000000227
2019-04-02 18:00:00,111.352,111.376,111.384,111.328,5964,0.055999999999997385,0.02400000000000091
2019-04-02 19:00:00,111.376,111.364,111.392,111.36,4994,0.031999999999996476,-0.012000000000000455
2019-04-02 20:00:00,111.364,111.312,111.366,111.3,4055,0.0660000000000025,-0.05200000000000671
2019-04-02 21:00:00,111.312,111.319,111.349,111.29,21201,0.0589999999999975,0.007000000000005002
2019-04-02 22:00:00,111.319,111.325,111.342,111.313,1509,0.028999999999996362,0.006000000000000227
2019-04-02 23:00:00,111.325,111.303,111.341,111.298,3518,0.042999999999992156,-0.02200000000000557
2019-04-03 00:00:00,111.303,111.469,111.512,111.202,18850,0.3100000000000023,0.16599999999999682
2019-04-03 01:00:00,111.469,111.451,111.524,111.389,12192,0.13500000000000512,-0.018000000000000682
2019-04-03 02:00:00,111.451,111.491,111.509,111.438,6553,0.07099999999999795,0.04000000000000625
2019-04-03 03:00:00,111.491,111.472,111.496,111.454,3432,0.04200000000000159,-0.019000000000005457
2019-04-03 04:00:00,111.472,111.354,111.496,111.35,6660,0.1460000000000008,-0.117999999999995
2019-04-03 05:00:00,111.354,111.379,111.415,111.354,7642,0.06100000000000705,0.025000000000005684
2019-04-03 06:00:00,111.379,111.506,111.553,111.378,12292,0.17499999999999716,0.12699999999999534
2019-04-03 07:00:00,111.506,111.509,111.573,111.486,14348,0.08699999999998909,0.0030000000000001137
2019-04-03 08:00:00,111.509,111.501,111.561,111.483,7113,0.07800000000000296,-0.007999999999995566
2019-04-03 09:00:00,111.501,111.465,111.515,111.445,6333,0.07000000000000739,-0.036000000000001364
2019-04-03 10:00:00,111.465,111.5,111.506,111.44,4600,0.0660000000000025,0.03499999999999659
2019-04-03 11:00:00,111.5,111.481,111.531,111.469,4882,0.06200000000001182,-0.019000000000005457
2019-04-03 12:00:00,111.481,111.453,111.493,111.403,11732,0.0899999999999892,-0.027999999999991587
2019-04-03 13:00:00,111.453,111.409,111.469,111.374,11355,0.09499999999999886,-0.04399999999999693
2019-04-03 14:00:00,111.409,111.476,111.484,111.317,15432,0.1670000000000016,0.06699999999999307
2019-04-03 15:00:00,111.476,111.475,111.504,111.422,9296,0.08200000000000784,-0.0010000000000047748
2019-04-03 16:00:00,111.475,111.465,111.481,111.42,6541,0.06099999999999284,-0.009999999999990905
2019-04-03 17:00:00,111.465,111.422,111.496,111.404,7404,0.09199999999999875,-0.043000000000006366
2019-04-03 18:00:00,111.422,111.456,111.494,111.408,8362,0.08599999999999852,0.034000000000006025
2019-04-03 19:00:00,111.456,111.479,111.488,111.422,9928,0.0660000000000025,0.022999999999996135
2019-04-03 20:00:00,111.479,111.476,111.508,111.469,2333,0.03900000000000148,-0.0030000000000001137
2019-04-03 21:00:00,111.476,111.449,111.484,111.428,10838,0.055999999999997385,-0.027000000000001023
2019-04-03 22:00:00,111.449,111.459,111.46,111.405,3014,0.05499999999999261,0.010000000000005116
2019-04-03 23:00:00,111.459,111.391,111.466,111.385,6026,0.08099999999998886,-0.06799999999999784
2019-04-04 00:00:00,111.391,111.473,111.516,111.35,9671,0.16600000000001103,0.08199999999999363
2019-04-04 01:00:00,111.473,111.475,111.507,111.451,5077,0.056000000000011596,0.001999999999995339
2019-04-04 02:00:00,111.475,111.424,111.475,111.396,7226,0.07899999999999352,-0.05099999999998772
2019-04-04 03:00:00,111.424,111.404,111.427,111.365,5554,0.06200000000001182,-0.020000000000010232
2019-04-04 04:00:00,111.404,111.399,111.405,111.36,4590,0.045000000000001705,-0.0049999999999954525
2019-04-04 05:00:00,111.399,111.421,111.441,111.389,4215,0.05200000000000671,0.02200000000000557
2019-04-04 06:00:00,111.421,111.363,111.426,111.328,7417,0.09799999999999898,-0.058000000000006935
2019-04-04 07:00:00,111.363,111.348,111.43,111.334,8204,0.09600000000000364,-0.015000000000000568
2019-04-04 08:00:00,111.348,111.408,111.427,111.334,5816,0.09300000000000352,0.060000000000002274
2019-04-04 09:00:00,111.408,111.404,111.429,111.37,6410,0.0589999999999975,-0.0040000000000048885
2019-04-04 10:00:00,111.404,111.396,111.423,111.368,5068,0.05500000000000682,-0.007999999999995566
2019-04-04 11:00:00,111.396,111.406,111.426,111.391,4991,0.03499999999999659,0.010000000000005116
2019-04-04 12:00:00,111.406,111.476,111.499,111.395,9830,0.1039999999999992,0.06999999999999318
2019-04-04 13:00:00,111.476,111.566,111.623,111.465,15142,0.15800000000000125,0.09000000000000341
2019-04-04 14:00:00,111.566,111.561,111.605,111.521,11572,0.08400000000000318,-0.0049999999999954525
2019-04-04 15:00:00,111.561,111.548,111.579,111.509,8975,0.06999999999999318,-0.01300000000000523
2019-04-04 16:00:00,111.548,111.542,111.556,111.494,10131,0.06199999999999761,-0.006000000000000227
2019-04-04 17:00:00,111.542,111.529,111.555,111.502,6116,0.05300000000001148,-0.01300000000000523
2019-04-04 18:00:00,111.529,111.59,111.596,111.527,4617,0.06900000000000261,0.06100000000000705
2019-04-04 19:00:00,111.59,111.581,111.593,111.562,5707,0.03100000000000591,-0.009000000000000341
2019-04-04 20:00:00,111.581,111.649,111.675,111.578,2567,0.0969999999999942,0.06799999999999784
2019-04-04 21:00:00,111.649,111.611,111.668,111.597,16518,0.07100000000001216,-0.0379999999999967
2019-04-04 22:00:00,111.611,111.631,111.642,111.589,3222,0.05299999999999727,0.01999999999999602
2019-04-04 23:00:00,111.631,111.648,111.662,111.628,4697,0.034000000000006025,0.016999999999995907
2019-04-05 00:00:00,111.648,111.728,111.795,111.639,16689,0.1560000000000059,0.0799999999999983
2019-04-05 01:00:00,111.728,111.679,111.749,111.659,5556,0.0899999999999892,-0.04899999999999238
2019-04-05 02:00:00,111.679,111.712,111.719,111.666,5323,0.05299999999999727,0.03300000000000125
2019-04-05 03:00:00,111.712,111.695,111.731,111.69,3512,0.04099999999999682,-0.017000000000010118
2019-04-05 04:00:00,111.695,111.693,111.707,111.666,3236,0.04099999999999682,-0.001999999999995339
2019-04-05 05:00:00,111.693,111.678,111.707,111.662,4003,0.044999999999987494,-0.015000000000000568
2019-04-05 06:00:00,111.678,111.662,111.716,111.641,7764,0.07499999999998863,-0.015999999999991132
2019-04-05 07:00:00,111.662,111.664,111.67,111.611,7746,0.0589999999999975,0.001999999999995339
2019-04-05 08:00:00,111.664,111.679,111.716,111.663,4957,0.05299999999999727,0.015000000000000568
2019-04-05 09:00:00,111.679,111.712,111.714,111.674,4737,0.03999999999999204,0.03300000000000125
2019-04-05 10:00:00,111.712,111.718,111.736,111.679,5141,0.05700000000000216,0.006000000000000227
2019-04-05 11:00:00,111.718,111.705,111.735,111.672,4738,0.06300000000000239,-0.01300000000000523
2019-04-05 12:00:00,111.705,111.635,111.818,111.52,22965,0.2980000000000018,-0.06999999999999318
2019-04-05 13:00:00,111.635,111.713,111.742,111.622,15042,0.12000000000000455,0.07799999999998875
2019-04-05 14:00:00,111.713,111.731,111.745,111.635,10602,0.10999999999999943,0.018000000000000682
2019-04-05 15:00:00,111.731,111.703,111.784,111.691,8023,0.09300000000000352,-0.027999999999991587
2019-04-05 16:00:00,111.703,111.727,111.745,111.7,4942,0.045000000000001705,0.02400000000000091
2019-04-05 17:00:00,111.727,111.701,111.743,111.699,4104,0.04399999999999693,-0.02600000000001046
2019-04-05 18:00:00,111.701,111.686,111.712,111.675,4712,0.03700000000000614,-0.014999999999986358
2019-04-05 19:00:00,111.686,111.67,111.708,111.66,5998,0.04800000000000182,-0.016000000000005343
2019-04-05 20:00:00,111.67,111.694,111.711,111.669,2175,0.04200000000000159,0.02400000000000091
2019-04-07 19:00:00,111.694,111.657,111.657,111.657,1,0.0,-0.03700000000000614
2019-04-07 21:00:00,111.657,111.68,111.747,111.635,992,0.11199999999999477,0.023000000000010346
2019-04-07 22:00:00,111.68,111.67,111.696,111.668,10989,0.027999999999991587,-0.010000000000005116
2019-04-07 23:00:00,111.67,111.708,111.725,111.664,8072,0.06099999999999284,0.0379999999999967
2019-04-08 00:00:00,111.708,111.5,111.708,111.395,17512,0.3130000000000024,-0.2079999999999984
2019-04-08 01:00:00,111.5,111.491,111.523,111.463,9832,0.060000000000002274,-0.009000000000000341
2019-04-08 02:00:00,111.491,111.386,111.499,111.34,9233,0.15899999999999181,-0.10500000000000398
2019-04-08 03:00:00,111.386,111.398,111.402,111.338,8036,0.06400000000000716,0.012000000000000455
2019-04-08 04:00:00,111.398,111.391,111.399,111.342,6572,0.05700000000000216,-0.006999999999990791
2019-04-08 05:00:00,111.391,111.417,111.421,111.359,5679,0.06200000000001182,0.02599999999999625
2019-04-08 06:00:00,111.417,111.436,111.453,111.406,7103,0.046999999999997044,0.019000000000005457
2019-04-08 07:00:00,111.436,111.445,111.457,111.419,6455,0.0379999999999967,0.00899999999998613
2019-04-08 08:00:00,111.445,111.454,111.494,111.438,6342,0.055999999999997385,0.009000000000000341
2019-04-08 09:00:00,111.454,111.406,111.466,111.389,5053,0.07699999999999818,-0.04799999999998761
2019-04-08 10:00:00,111.406,111.461,111.466,111.401,5049,0.06499999999999773,0.05499999999999261
2019-04-08 11:00:00,111.461,111.445,111.474,111.419,5088,0.05500000000000682,-0.016000000000005343
2019-04-08 12:00:00,111.445,111.353,111.467,111.353,8286,0.11400000000000432,-0.09199999999999875
2019-04-08 13:00:00,111.353,111.305,111.383,111.276,12282,0.10699999999999932,-0.04799999999998761
2019-04-08 14:00:00,111.305,111.411,111.417,111.304,12382,0.11299999999999955,0.10599999999999454
2019-04-08 15:00:00,111.411,111.468,111.521,111.404,10181,0.11700000000000443,0.05700000000000216
2019-04-08 16:00:00,111.468,111.449,111.479,111.43,5091,0.04899999999999238,-0.019000000000005457
2019-04-08 17:00:00,111.449,111.48,111.501,111.449,5109,0.05200000000000671,0.03100000000000591
2019-04-08 18:00:00,111.48,111.508,111.532,111.466,5400,0.0660000000000025,0.027999999999991587
2019-04-08 19:00:00,111.508,111.479,111.521,111.479,4510,0.04200000000000159,-0.028999999999996362
2019-04-08 20:00:00,111.479,111.456,111.493,111.448,1743,0.045000000000001705,-0.022999999999996135
2019-04-08 21:00:00,111.456,111.483,111.509,111.442,20050,0.06700000000000728,0.027000000000001023
2019-04-08 22:00:00,111.483,111.469,111.503,111.468,2236,0.03499999999999659,-0.014000000000010004
2019-04-08 23:00:00,111.469,111.445,111.477,111.444,2732,0.03300000000000125,-0.02400000000000091
2019-04-09 00:00:00,111.445,111.393,111.573,111.382,10861,0.1909999999999883,-0.0519999999999925
2019-04-09 01:00:00,111.393,111.323,111.399,111.304,8310,0.09499999999999886,-0.07000000000000739
2019-04-09 02:00:00,111.323,111.328,111.339,111.274,5117,0.06499999999999773,0.005000000000009663
2019-04-09 03:00:00,111.328,111.373,111.38,111.326,4305,0.054000000000002046,0.045000000000001705
2019-04-09 04:00:00,111.373,111.35,111.381,111.332,2975,0.049000000000006594,-0.023000000000010346
2019-04-09 05:00:00,111.35,111.326,111.358,111.313,4706,0.045000000000001705,-0.02400000000000091
2019-04-09 06:00:00,111.326,111.338,111.363,111.321,5328,0.04200000000000159,0.012000000000000455
2019-04-09 07:00:00,111.338,111.256,111.353,111.23,8025,0.12299999999999045,-0.08199999999999363
2019-04-09 08:00:00,111.256,111.325,111.356,111.24,9470,0.11599999999999966,0.06900000000000261
2019-04-09 09:00:00,111.325,111.262,111.325,111.232,6734,0.09300000000000352,-0.06300000000000239
2019-04-09 10:00:00,111.262,111.281,111.302,111.258,3970,0.04400000000001114,0.019000000000005457
2019-04-09 11:00:00,111.281,111.345,111.374,111.274,6202,0.09999999999999432,0.06399999999999295
2019-04-09 12:00:00,111.345,111.075,111.351,111.073,14360,0.2780000000000058,-0.269999999999996
2019-04-09 13:00:00,111.075,111.088,111.097,110.974,18337,0.12299999999999045,0.012999999999991019
2019-04-09 14:00:00,111.088,111.115,111.148,111.056,10963,0.09199999999999875,0.027000000000001023
2019-04-09 15:00:00,111.115,111.081,111.15,111.079,8116,0.07100000000001216,-0.033999999999991815
2019-04-09 16:00:00,111.081,111.119,111.123,111.06,4499,0.06300000000000239,0.0379999999999967
2019-04-09 17:00:00,111.119,111.112,111.139,111.097,4019,0.04200000000000159,-0.007000000000005002
2019-04-09 18:00:00,111.112,111.097,111.115,111.088,4654,0.027000000000001023,-0.015000000000000568
2019-04-09 19:00:00,111.097,111.128,111.131,111.095,6451,0.036000000000001364,0.03100000000000591
2019-04-09 20:00:00,111.128,111.117,111.158,111.107,2110,0.05100000000000193,-0.01099999999999568
2019-04-09 21:00:00,111.117,111.125,111.154,111.11,10933,0.04399999999999693,0.007999999999995566
2019-04-09 22:00:00,111.125,111.127,111.148,111.11,2540,0.0379999999999967,0.001999999999995339
2019-04-09 23:00:00,111.127,111.086,111.148,111.054,4817,0.09399999999999409,-0.04099999999999682
2019-04-10 00:00:00,111.086,111.156,111.189,111.076,8950,0.11299999999999955,0.07000000000000739
2019-04-10 01:00:00,111.156,111.095,111.224,111.07,8773,0.15400000000001057,-0.06100000000000705
2019-04-10 02:00:00,111.095,111.167,111.174,111.095,6472,0.07900000000000773,0.07200000000000273
2019-04-10 03:00:00,111.167,111.144,111.191,111.122,5773,0.06900000000000261,-0.022999999999996135
2019-04-10 04:00:00,111.144,111.117,111.149,111.109,4299,0.04000000000000625,-0.027000000000001023
2019-04-10 05:00:00,111.117,111.167,111.168,111.116,5113,0.05200000000000671,0.04999999999999716
2019-04-10 06:00:00,111.167,111.111,111.187,111.11,5277,0.07699999999999818,-0.055999999999997385
2019-04-10 07:00:00,111.111,111.175,111.231,111.111,7824,0.11999999999999034,0.06399999999999295
2019-04-10 08:00:00,111.175,111.137,111.182,111.114,6419,0.06799999999999784,-0.0379999999999967
2019-04-10 09:00:00,111.137,111.118,111.148,111.115,4865,0.03300000000000125,-0.019000000000005457
2019-04-10 10:00:00,111.118,111.216,111.218,111.115,5902,0.10300000000000864,0.09799999999999898
2019-04-10 11:00:00,111.216,111.156,111.235,111.151,7110,0.08400000000000318,-0.05999999999998806
2019-04-10 12:00:00,111.156,111.17,111.275,111.104,21694,0.17100000000000648,0.013999999999995794
2019-04-10 13:00:00,111.17,111.062,111.196,111.037,19796,0.15899999999999181,-0.10800000000000409
2019-04-10 14:00:00,111.062,110.931,111.079,110.916,13248,0.1629999999999967,-0.13100000000000023
2019-04-10 15:00:00,110.931,110.92,110.961,110.883,10323,0.07800000000000296,-0.01099999999999568
2019-04-10 16:00:00,110.92,110.865,110.94,110.86,6048,0.0799999999999983,-0.05500000000000682
2019-04-10 17:00:00,110.865,110.852,110.877,110.837,4601,0.03999999999999204,-0.012999999999991019
2019-04-10 18:00:00,110.852,110.974,110.976,110.841,9637,0.13500000000000512,0.12199999999999989
2019-04-10 19:00:00,110.974,110.957,110.982,110.921,7374,0.06099999999999284,-0.017000000000010118
2019-04-10 20:00:00,110.957,110.992,111.008,110.956,3374,0.0519999999999925,0.0350000000000108
2019-04-10 21:00:00,110.992,110.909,110.993,110.891,18776,0.10199999999998965,-0.08299999999999841
2019-04-10 22:00:00,110.909,110.944,110.963,110.905,4272,0.057999999999992724,0.03499999999999659
2019-04-10 23:00:00,110.944,110.981,111.009,110.913,4578,0.09600000000000364,0.03699999999999193
2019-04-11 00:00:00,110.981,111.063,111.125,110.981,9872,0.14400000000000546,0.08200000000000784
2019-04-11 01:00:00,111.063,111.057,111.101,111.026,5033,0.07500000000000284,-0.006000000000000227
2019-04-11 02:00:00,111.057,111.05,111.072,111.022,4415,0.04999999999999716,-0.007000000000005002
2019-04-11 03:00:00,111.05,111.055,111.07,111.034,3927,0.03599999999998715,0.005000000000009663
2019-04-11 04:00:00,111.055,111.051,111.094,111.04,4964,0.053999999999987836,-0.0040000000000048885
2019-04-11 05:00:00,111.051,111.066,111.084,111.044,4441,0.04000000000000625,0.015000000000000568
2019-04-11 06:00:00,111.066,111.135,111.138,111.044,7505,0.0940000000000083,0.06900000000000261
2019-04-11 07:00:00,111.135,111.088,111.162,111.066,9835,0.09600000000000364,-0.047000000000011255
2019-04-11 08:00:00,111.088,111.104,111.149,111.082,7437,0.06700000000000728,0.016000000000005343
2019-04-11 09:00:00,111.104,111.099,111.131,111.085,4325,0.04600000000000648,-0.0049999999999954525
2019-04-11 10:00:00,111.099,111.11,111.124,111.089,4804,0.03499999999999659,0.01099999999999568
2019-04-11 11:00:00,111.11,111.184,111.211,111.107,7899,0.1039999999999992,0.07399999999999807
2019-04-11 12:00:00,111.184,111.315,111.33,111.177,12835,0.1529999999999916,0.13100000000000023
2019-04-11 13:00:00,111.315,111.328,111.386,111.267,15409,0.11899999999999977,0.01300000000000523
2019-04-11 14:00:00,111.328,111.475,111.486,111.328,14723,0.15800000000000125,0.14699999999999136
2019-04-11 15:00:00,111.475,111.479,111.522,111.415,10582,0.10699999999999932,0.0040000000000048885
2019-04-11 16:00:00,111.479,111.563,111.57,111.475,7024,0.09499999999999886,0.08400000000000318
2019-04-11 17:00:00,111.563,111.558,111.632,111.549,7494,0.08299999999999841,-0.0049999999999954525
2019-04-11 18:00:00,111.558,111.66,111.685,111.553,6694,0.132000000000005,0.10199999999998965
2019-04-11 19:00:00,111.66,111.634,111.69,111.621,5398,0.06900000000000261,-0.02599999999999625
2019-04-11 20:00:00,111.634,111.63,111.668,111.621,3426,0.047000000000011255,-0.0040000000000048885
2019-04-11 21:00:00,111.63,111.613,111.652,111.604,22737,0.04800000000000182,-0.016999999999995907
2019-04-11 22:00:00,111.613,111.619,111.634,111.612,7582,0.02200000000000557,0.006000000000000227
2019-04-11 23:00:00,111.619,111.64,111.642,111.579,4112,0.06300000000000239,0.021000000000000796
2019-04-12 00:00:00,111.64,111.765,111.808,111.632,17250,0.17600000000000193,0.125
2019-04-12 01:00:00,111.765,111.706,111.812,111.695,9652,0.11700000000000443,-0.0589999999999975
2019-04-12 02:00:00,111.706,111.711,111.733,111.689,4331,0.04400000000001114,0.0049999999999954525
2019-04-12 03:00:00,111.711,111.752,111.772,111.711,3872,0.06100000000000705,0.04099999999999682
2019-04-12 04:00:00,111.752,111.738,111.758,111.718,3070,0.03999999999999204,-0.013999999999995794
2019-04-12 05:00:00,111.738,111.777,111.826,111.734,4653,0.09199999999999875,0.03900000000000148
2019-04-12 06:00:00,111.777,111.84,111.853,111.769,5663,0.08399999999998897,0.06300000000000239
2019-04-12 07:00:00,111.84,111.855,111.877,111.822,6599,0.05499999999999261,0.015000000000000568
2019-04-12 08:00:00,111.855,111.933,111.963,111.849,11932,0.11399999999999011,0.07800000000000296
2019-04-12 09:00:00,111.933,111.888,111.94,111.838,8778,0.10200000000000387,-0.045000000000001705
2019-04-12 10:00:00,111.888,111.946,111.962,111.882,9670,0.0799999999999983,0.057999999999992724
2019-04-12 11:00:00,111.946,111.976,111.986,111.934,9638,0.05200000000000671,0.030000000000001137
2019-04-12 12:00:00,111.976,111.946,111.987,111.914,10970,0.07299999999999329,-0.030000000000001137
2019-04-12 13:00:00,111.946,111.905,111.963,111.902,12453,0.06099999999999284,-0.04099999999999682
2019-04-12 14:00:00,111.905,111.965,111.972,111.848,15484,0.12399999999999523,0.060000000000002274
2019-04-12 15:00:00,111.965,111.992,112.016,111.945,9723,0.07100000000001216,0.027000000000001023
2019-04-12 16:00:00,111.992,112.021,112.033,111.988,5447,0.045000000000001705,0.028999999999996362
2019-04-12 17:00:00,112.021,112.017,112.025,111.988,3539,0.03700000000000614,-0.0040000000000048885
2019-04-12 18:00:00,112.017,112.075,112.08,112.006,5175,0.07399999999999807,0.058000000000006935
2019-04-12 19:00:00,112.075,112.004,112.091,111.994,5746,0.0969999999999942,-0.07099999999999795
2019-04-12 20:00:00,112.004,111.999,112.018,111.985,6422,0.03300000000000125,-0.005000000000009663
2019-04-14 19:00:00,111.972,111.945,111.972,111.912,66,0.05999999999998806,-0.027000000000001023
2019-04-14 20:00:00,111.945,111.94,111.957,111.928,155,0.028999999999996362,-0.0049999999999954525
2019-04-14 21:00:00,111.94,111.968,112.036,111.932,801,0.1039999999999992,0.028000000000005798
2019-04-14 22:00:00,111.968,111.988,112.02,111.965,8098,0.05499999999999261,0.01999999999999602
2019-04-14 23:00:00,111.988,112.033,112.05,111.984,7394,0.0660000000000025,0.045000000000001705
2019-04-15 00:00:00,112.033,111.957,112.091,111.949,9653,0.1419999999999959,-0.07600000000000762
2019-04-15 01:00:00,111.957,111.96,112.007,111.937,6893,0.07000000000000739,0.0030000000000001137
2019-04-15 02:00:00,111.96,111.99,112.008,111.95,3914,0.057999999999992724,0.030000000000001137
2019-04-15 03:00:00,111.99,111.921,111.997,111.914,3406,0.08299999999999841,-0.0689999999999884
2019-04-15 04:00:00,111.921,111.937,111.947,111.913,3053,0.034000000000006025,0.015999999999991132
2019-04-15 05:00:00,111.937,111.909,111.942,111.889,4572,0.05299999999999727,-0.027999999999991587
2019-04-15 06:00:00,111.909,111.891,111.962,111.889,8115,0.0730000000000075,-0.018000000000000682
2019-04-15 07:00:00,111.891,111.911,111.95,111.88,7779,0.07000000000000739,0.01999999999999602
2019-04-15 08:00:00,111.911,111.954,111.975,111.897,7259,0.07799999999998875,0.042999999999992156
2019-04-15 09:00:00,111.954,111.929,111.975,111.915,7155,0.05999999999998806,-0.024999999999991473
2019-04-15 10:00:00,111.929,111.94,111.962,111.909,7393,0.05299999999999727,0.01099999999999568
2019-04-15 11:00:00,111.94,111.966,111.974,111.925,6015,0.049000000000006594,0.02599999999999625
2019-04-15 12:00:00,111.966,112.015,112.07,111.944,10821,0.12599999999999056,0.049000000000006594
2019-04-15 13:00:00,112.015,112.021,112.063,111.976,11187,0.0870000000000033,0.006000000000000227
2019-04-15 14:00:00,112.021,111.997,112.053,111.961,11510,0.09199999999999875,-0.02400000000000091
2019-04-15 15:00:00,111.997,111.998,112.02,111.96,8585,0.060000000000002274,0.0010000000000047748
2019-04-15 16:00:00,111.998,111.963,112.002,111.959,4793,0.042999999999992156,-0.0350000000000108
2019-04-15 17:00:00,111.963,112.008,112.034,111.96,3153,0.07400000000001228,0.045000000000001705
2019-04-15 18:00:00,112.008,112.009,112.025,111.989,2930,0.036000000000001364,0.0010000000000047748
2019-04-15 19:00:00,112.009,111.975,112.015,111.975,4570,0.04000000000000625,-0.034000000000006025
2019-04-15 20:00:00,111.976,112.028,112.045,111.976,2045,0.06900000000000261,0.05200000000000671
2019-04-15 21:00:00,112.028,111.967,112.037,111.946,15510,0.09100000000000819,-0.06100000000000705
2019-04-15 22:00:00,111.967,111.984,112.0,111.946,3243,0.054000000000002046,0.016999999999995907
2019-04-15 23:00:00,111.984,111.945,111.988,111.927,3631,0.06099999999999284,-0.03900000000000148
2019-04-16 00:00:00,111.945,111.972,112.04,111.937,8445,0.10300000000000864,0.027000000000001023
2019-04-16 01:00:00,111.972,111.95,111.988,111.916,6786,0.07200000000000273,-0.02199999999999136
2019-04-16 02:00:00,111.95,111.954,111.972,111.883,5952,0.08899999999999864,0.003999999999990678
2019-04-16 03:00:00,111.954,111.936,111.998,111.936,4450,0.06199999999999761,-0.01799999999998647
2019-04-16 04:00:00,111.936,111.954,111.959,111.909,3146,0.04999999999999716,0.01799999999998647
2019-04-16 05:00:00,111.954,111.919,111.957,111.912,4329,0.044999999999987494,-0.03499999999999659
2019-04-16 06:00:00,111.919,111.85,111.938,111.847,10477,0.09100000000000819,-0.06900000000000261
2019-04-16 07:00:00,111.85,111.889,111.94,111.846,15040,0.09399999999999409,0.03900000000000148
2019-04-16 08:00:00,111.889,111.936,111.954,111.874,8263,0.0799999999999983,0.047000000000011255
2019-04-16 09:00:00,111.936,111.866,111.955,111.839,12351,0.11599999999999966,-0.07000000000000739
2019-04-16 10:00:00,111.866,111.892,111.912,111.859,9102,0.05300000000001148,0.02599999999999625
2019-04-16 11:00:00,111.892,111.922,111.94,111.865,6811,0.07500000000000284,0.030000000000001137
2019-04-16 12:00:00,111.922,111.978,112.036,111.915,12669,0.12099999999999511,0.055999999999997385
2019-04-16 13:00:00,111.978,111.951,112.015,111.94,12293,0.07500000000000284,-0.027000000000001023
2019-04-16 14:00:00,111.951,111.924,112.008,111.91,13055,0.09799999999999898,-0.026999999999986812
2019-04-16 15:00:00,111.924,111.951,111.971,111.892,9537,0.07900000000000773,0.026999999999986812
2019-04-16 16:00:00,111.951,111.997,112.008,111.951,4694,0.05700000000000216,0.04600000000000648
2019-04-16 17:00:00,111.997,111.965,112.004,111.961,4370,0.043000000000006366,-0.031999999999996476
2019-04-16 18:00:00,111.965,111.991,111.995,111.956,4614,0.03900000000000148,0.02599999999999625
2019-04-16 19:00:00,111.991,112.009,112.012,111.97,6299,0.04200000000000159,0.018000000000000682
2019-04-16 20:00:00,112.009,111.989,112.028,111.989,3539,0.03900000000000148,-0.01999999999999602
2019-04-16 21:00:00,111.989,111.995,112.021,111.969,9883,0.05200000000000671,0.006000000000000227
2019-04-16 22:00:00,111.995,111.995,112.03,111.982,4913,0.04800000000000182,0.0
2019-04-16 23:00:00,111.995,111.989,112.01,111.965,5963,0.045000000000001705,-0.006000000000000227
2019-04-17 00:00:00,111.989,112.118,112.16,111.961,11330,0.19899999999999807,0.12899999999999068
2019-04-17 01:00:00,112.118,112.024,112.122,111.932,10237,0.18999999999999773,-0.09399999999999409
2019-04-17 02:00:00,112.024,111.975,112.122,111.936,12071,0.18599999999999284,-0.049000000000006594
2019-04-17 03:00:00,111.975,111.951,111.975,111.916,5519,0.0589999999999975,-0.02400000000000091
2019-04-17 04:00:00,111.951,111.96,111.966,111.934,3212,0.031999999999996476,0.009000000000000341
2019-04-17 05:00:00,111.96,111.986,111.996,111.955,3630,0.04099999999999682,0.02600000000001046
2019-04-17 06:00:00,111.986,111.948,111.997,111.941,6487,0.055999999999997385,-0.038000000000010914
2019-04-17 07:00:00,111.949,112.008,112.022,111.943,7834,0.07900000000000773,0.0589999999999975
2019-04-17 08:00:00,112.008,112.002,112.058,111.989,9100,0.06900000000000261,-0.006000000000000227
2019-04-17 09:00:00,112.002,112.016,112.026,111.958,7383,0.06799999999999784,0.014000000000010004
2019-04-17 10:00:00,112.016,112.005,112.029,111.993,5084,0.036000000000001364,-0.01100000000000989
2019-04-17 11:00:00,112.005,111.975,112.023,111.968,6405,0.05499999999999261,-0.030000000000001137
2019-04-17 12:00:00,111.975,111.982,112.012,111.955,8256,0.05700000000000216,0.007000000000005002
2019-04-17 13:00:00,111.981,111.948,112.012,111.928,11898,0.08400000000000318,-0.03300000000000125
2019-04-17 14:00:00,111.948,111.987,112.011,111.919,12719,0.09199999999999875,0.03900000000000148
2019-04-17 15:00:00,111.987,111.993,112.011,111.952,8642,0.0589999999999975,0.006000000000000227
2019-04-17 16:00:00,111.993,111.996,112.008,111.96,6946,0.04800000000000182,0.0030000000000001137
2019-04-17 17:00:00,111.996,112.031,112.06,111.982,5520,0.07800000000000296,0.0350000000000108
2019-04-17 18:00:00,112.031,112.057,112.096,112.021,7242,0.07500000000000284,0.02599999999999625
2019-04-17 19:00:00,112.057,112.085,112.117,112.054,5528,0.06300000000000239,0.027999999999991587
2019-04-17 20:00:00,112.085,112.054,112.099,112.05,3451,0.049000000000006594,-0.0309999999999917
2019-04-17 21:00:00,112.054,112.022,112.054,111.997,9192,0.05700000000000216,-0.031999999999996476
2019-04-17 22:00:00,112.022,112.031,112.055,112.017,4006,0.038000000000010914,0.009000000000000341
2019-04-17 23:00:00,112.031,112.028,112.056,112.021,3018,0.03499999999999659,-0.0030000000000001137
2019-04-18 00:00:00,112.028,111.956,112.042,111.945,7305,0.09700000000000841,-0.07200000000000273
2019-04-18 01:00:00,111.956,111.9,111.986,111.893,9970,0.09300000000000352,-0.055999999999997385
2019-04-18 02:00:00,111.9,111.945,111.975,111.9,5589,0.07499999999998863,0.044999999999987494
2019-04-18 03:00:00,111.945,111.874,111.968,111.865,6129,0.10300000000000864,-0.07099999999999795
2019-04-18 04:00:00,111.874,111.883,111.922,111.872,4944,0.04999999999999716,0.009000000000000341
2019-04-18 05:00:00,111.883,111.865,111.895,111.834,5513,0.06099999999999284,-0.018000000000000682
2019-04-18 06:00:00,111.865,111.894,111.925,111.864,5341,0.06099999999999284,0.029000000000010573
2019-04-18 07:00:00,111.894,111.835,111.931,111.816,18566,0.11499999999999488,-0.05900000000001171
2019-04-18 08:00:00,111.835,111.879,111.893,111.759,18052,0.13400000000000034,0.04400000000001114
2019-04-18 09:00:00,111.879,111.909,111.934,111.834,9424,0.09999999999999432,0.030000000000001137
2019-04-18 10:00:00,111.909,111.917,111.937,111.897,6090,0.03999999999999204,0.007999999999995566
2019-04-18 11:00:00,111.917,111.892,111.937,111.873,7065,0.06399999999999295,-0.025000000000005684
2019-04-18 12:00:00,111.892,111.962,112.02,111.856,14514,0.16400000000000148,0.07000000000000739
2019-04-18 13:00:00,111.962,111.871,111.97,111.845,15816,0.125,-0.09100000000000819
2019-04-18 14:00:00,111.871,111.873,111.918,111.84,13804,0.07800000000000296,0.0020000000000095497
2019-04-18 15:00:00,111.873,111.938,111.947,111.867,9468,0.0799999999999983,0.06499999999999773
2019-04-18 16:00:00,111.938,111.984,111.997,111.931,5942,0.0660000000000025,0.04599999999999227
2019-04-18 17:00:00,111.984,111.944,111.986,111.918,4772,0.06799999999999784,-0.03999999999999204
2019-04-18 18:00:00,111.944,111.941,111.956,111.931,3930,0.025000000000005684,-0.0030000000000001137
2019-04-18 19:00:00,111.941,111.928,111.962,111.914,5265,0.04800000000000182,-0.01300000000000523
2019-04-18 20:00:00,111.928,111.966,111.989,111.928,9056,0.06100000000000705,0.0379999999999967
2019-04-18 21:00:00,111.966,111.96,111.981,111.923,23265,0.057999999999992724,-0.006000000000000227
2019-04-18 22:00:00,111.96,111.975,111.997,111.952,24237,0.045000000000001705,0.015000000000000568
2019-04-18 23:00:00,111.975,111.987,111.991,111.957,3533,0.034000000000006025,0.012000000000000455
2019-04-19 00:00:00,111.987,111.937,112.001,111.93,3278,0.07099999999999795,-0.04999999999999716
2019-04-19 01:00:00,111.937,111.933,111.944,111.889,4258,0.05500000000000682,-0.003999999999990678
2019-04-19 02:00:00,111.933,111.916,111.948,111.911,3619,0.03699999999999193,-0.017000000000010118
2019-04-19 03:00:00,111.916,111.924,111.937,111.913,5085,0.02400000000000091,0.008000000000009777
2019-04-19 04:00:00,111.924,111.907,111.925,111.9,4490,0.024999999999991473,-0.017000000000010118
2019-04-19 05:00:00,111.907,111.909,111.916,111.899,10541,0.016999999999995907,0.0020000000000095497
2019-04-19 06:00:00,111.909,111.912,111.923,111.901,16222,0.02200000000000557,0.0030000000000001137
2019-04-19 07:00:00,111.912,111.914,111.927,111.9,10751,0.027000000000001023,0.001999999999995339
2019-04-19 08:00:00,111.914,111.913,111.925,111.895,13954,0.030000000000001137,-0.0010000000000047748
2019-04-19 09:00:00,111.913,111.915,111.922,111.903,13026,0.018999999999991246,0.0020000000000095497
2019-04-19 10:00:00,111.915,111.913,111.92,111.904,19269,0.016000000000005343,-0.0020000000000095497
2019-04-19 11:00:00,111.913,111.912,111.928,111.905,10906,0.022999999999996135,-0.000999999999990564
2019-04-19 12:00:00,111.912,111.928,111.93,111.908,10984,0.02200000000000557,0.015999999999991132
2019-04-19 13:00:00,111.928,111.921,111.942,111.913,12625,0.028999999999996362,-0.006999999999990791
2019-04-19 14:00:00,111.921,111.922,111.927,111.91,9759,0.017000000000010118,0.000999999999990564
2019-04-19 15:00:00,111.922,111.918,111.926,111.907,17299,0.019000000000005457,-0.003999999999990678
2019-04-19 16:00:00,111.918,111.911,111.925,111.909,12975,0.015999999999991132,-0.007000000000005002
2019-04-19 17:00:00,111.911,111.917,111.924,111.908,11086,0.016000000000005343,0.006000000000000227
2019-04-19 18:00:00,111.917,111.925,111.929,111.914,8148,0.015000000000000568,0.007999999999995566
2019-04-19 19:00:00,111.925,111.921,111.927,111.918,4876,0.009000000000000341,-0.003999999999990678
2019-04-19 20:00:00,111.921,111.91,111.945,111.9,8679,0.044999999999987494,-0.01100000000000989
2019-04-21 22:00:00,111.9,111.911,111.939,111.9,7500,0.03899999999998727,0.01099999999999568
2019-04-21 23:00:00,111.911,111.91,111.924,111.891,6904,0.03300000000000125,-0.0010000000000047748
2019-04-22 00:00:00,111.91,111.969,111.986,111.886,9367,0.10000000000000853,0.0589999999999975
2019-04-22 01:00:00,111.966,111.945,111.977,111.901,8024,0.07600000000000762,-0.021000000000000796
2019-04-22 02:00:00,111.945,111.945,111.957,111.923,12776,0.033999999999991815,0.0
2019-04-22 03:00:00,111.945,111.909,111.957,111.909,4265,0.04799999999998761,-0.03599999999998715
2019-04-22 04:00:00,111.909,111.921,111.933,111.897,2953,0.036000000000001364,0.012000000000000455
2019-04-22 05:00:00,111.921,111.921,111.941,111.902,3465,0.03900000000000148,0.0
2019-04-22 06:00:00,111.921,111.894,111.93,111.891,4686,0.03900000000000148,-0.027000000000001023
2019-04-22 07:00:00,111.894,111.892,111.907,111.881,4990,0.02599999999999625,-0.0020000000000095497
2019-04-22 08:00:00,111.892,111.917,111.92,111.886,4901,0.034000000000006025,0.025000000000005684
2019-04-22 09:00:00,111.917,111.916,111.918,111.904,2866,0.014000000000010004,-0.0010000000000047748
2019-04-22 10:00:00,111.916,111.914,111.923,111.91,3352,0.01300000000000523,-0.001999999999995339
2019-04-22 11:00:00,111.914,111.924,111.935,111.905,5393,0.030000000000001137,0.010000000000005116
2019-04-22 12:00:00,111.924,111.906,111.942,111.899,6495,0.042999999999992156,-0.018000000000000682
2019-04-22 13:00:00,111.906,111.921,111.936,111.892,8890,0.04400000000001114,0.015000000000000568
2019-04-22 14:00:00,111.921,111.915,111.947,111.895,10539,0.05200000000000671,-0.006000000000000227
2019-04-22 15:00:00,111.915,111.942,111.944,111.907,7957,0.03700000000000614,0.026999999999986812
2019-04-22 16:00:00,111.942,111.93,111.947,111.916,4566,0.03100000000000591,-0.011999999999986244
2019-04-22 17:00:00,111.93,111.912,111.93,111.91,3373,0.020000000000010232,-0.018000000000000682
2019-04-22 18:00:00,111.912,111.93,111.95,111.9,5747,0.04999999999999716,0.018000000000000682
2019-04-22 19:00:00,111.93,111.924,111.941,111.923,4457,0.018000000000000682,-0.006000000000000227
2019-04-22 20:00:00,111.924,111.928,111.947,111.922,3348,0.025000000000005684,0.003999999999990678
2019-04-22 21:00:00,111.928,111.915,111.939,111.891,21616,0.04799999999998761,-0.012999999999991019
2019-04-22 22:00:00,111.915,111.931,111.942,111.91,2645,0.031999999999996476,0.015999999999991132
2019-04-22 23:00:00,111.931,111.928,111.947,111.916,2848,0.03100000000000591,-0.0030000000000001137
2019-04-23 00:00:00,111.928,111.697,111.969,111.691,12643,0.2779999999999916,-0.23099999999999454
2019-04-23 01:00:00,111.697,111.769,111.775,111.644,9513,0.13100000000000023,0.07200000000000273
2019-04-23 02:00:00,111.769,111.763,111.795,111.757,4744,0.0379999999999967,-0.006000000000000227
2019-04-23 03:00:00,111.763,111.834,111.847,111.755,4032,0.09199999999999875,0.07099999999999795
2019-04-23 04:00:00,111.834,111.859,111.871,111.805,3917,0.06599999999998829,0.024999999999991473
2019-04-23 05:00:00,111.859,111.919,111.92,111.843,4802,0.07699999999999818,0.060000000000002274
2019-04-23 06:00:00,111.919,111.867,111.935,111.861,7192,0.07399999999999807,-0.0519999999999925
2019-04-23 07:00:00,111.867,111.847,111.885,111.845,8689,0.04000000000000625,-0.020000000000010232
2019-04-23 08:00:00,111.847,111.857,111.878,111.83,5807,0.04800000000000182,0.010000000000005116
2019-04-23 09:00:00,111.856,111.847,111.864,111.826,5536,0.038000000000010914,-0.009000000000000341
2019-04-23 10:00:00,111.847,111.858,111.871,111.841,4714,0.030000000000001137,0.01100000000000989
2019-04-23 11:00:00,111.858,111.898,111.905,111.858,6274,0.046999999999997044,0.03999999999999204
2019-04-23 12:00:00,111.898,111.972,111.974,111.856,9160,0.11800000000000921,0.07399999999999807
2019-04-23 13:00:00,111.972,111.913,112.028,111.895,10863,0.13300000000000978,-0.0589999999999975
2019-04-23 14:00:00,111.913,111.878,111.975,111.875,10502,0.09999999999999432,-0.03499999999999659
2019-04-23 15:00:00,111.878,111.872,111.929,111.854,8788,0.07500000000000284,-0.006000000000000227
2019-04-23 16:00:00,111.872,111.786,111.878,111.754,6723,0.12399999999999523,-0.08599999999999852
2019-04-23 17:00:00,111.786,111.792,111.813,111.78,5170,0.03300000000000125,0.006000000000000227
2019-04-23 18:00:00,111.792,111.835,111.837,111.786,4131,0.05100000000000193,0.042999999999992156
2019-04-23 19:00:00,111.835,111.815,111.847,111.808,4547,0.03899999999998727,-0.01999999999999602
2019-04-23 20:00:00,111.815,111.841,111.877,111.814,2446,0.06300000000000239,0.02599999999999625
2019-04-23 21:00:00,111.841,111.862,111.88,111.821,22729,0.0589999999999975,0.021000000000000796
2019-04-23 22:00:00,111.862,111.869,111.879,111.843,3950,0.036000000000001364,0.007000000000005002
2019-04-23 23:00:00,111.869,111.876,111.897,111.847,5071,0.05000000000001137,0.007000000000005002
2019-04-24 00:00:00,111.876,111.898,111.922,111.806,9556,0.11599999999999966,0.02199999999999136
2019-04-24 01:00:00,111.898,111.901,111.977,111.874,7952,0.10300000000000864,0.0030000000000001137
2019-04-24 02:00:00,111.901,111.883,111.915,111.842,6742,0.0730000000000075,-0.018000000000000682
2019-04-24 03:00:00,111.883,111.769,111.885,111.756,5516,0.1290000000000049,-0.11399999999999011
2019-04-24 04:00:00,111.769,111.825,111.844,111.762,4692,0.08199999999999363,0.055999999999997385
2019-04-24 05:00:00,111.825,111.832,111.832,111.804,4125,0.027999999999991587,0.006999999999990791
2019-04-24 06:00:00,111.832,111.815,111.834,111.742,7491,0.09199999999999875,-0.016999999999995907
2019-04-24 07:00:00,111.815,111.81,111.84,111.8,7413,0.04000000000000625,-0.0049999999999954525
2019-04-24 08:00:00,111.81,111.823,111.847,111.784,8315,0.06299999999998818,0.012999999999991019
2019-04-24 09:00:00,111.823,111.866,111.919,111.817,9199,0.10200000000000387,0.043000000000006366
2019-04-24 10:00:00,111.866,111.857,111.876,111.83,5390,0.04600000000000648,-0.009000000000000341
2019-04-24 11:00:00,111.856,111.82,111.87,111.819,5383,0.05100000000000193,-0.036000000000001364
2019-04-24 12:00:00,111.82,111.835,111.847,111.797,6982,0.04999999999999716,0.015000000000000568
2019-04-24 13:00:00,111.835,111.778,111.892,111.777,12168,0.11499999999999488,-0.05699999999998795
2019-04-24 14:00:00,111.778,111.742,111.799,111.676,13043,0.12300000000000466,-0.036000000000001364
2019-04-24 15:00:00,111.742,111.808,111.831,111.731,7749,0.10000000000000853,0.0660000000000025
2019-04-24 16:00:00,111.808,111.909,111.93,111.797,8236,0.13300000000000978,0.10099999999999909
2019-04-24 17:00:00,111.909,111.978,111.978,111.884,5990,0.09399999999999409,0.0689999999999884
2019-04-24 18:00:00,111.978,112.356,112.363,111.969,15032,0.39400000000000546,0.3780000000000001
2019-04-24 19:00:00,112.356,112.195,112.394,112.177,9250,0.21699999999999875,-0.16100000000000136
2019-04-24 20:00:00,112.195,112.164,112.227,112.154,5351,0.0730000000000075,-0.0309999999999917
2019-04-24 21:00:00,112.164,112.053,112.164,112.05,16065,0.11400000000000432,-0.1110000000000042
2019-04-24 22:00:00,112.053,112.091,112.111,112.046,6411,0.06499999999999773,0.0379999999999967
2019-04-24 23:00:00,112.092,112.114,112.166,112.092,5823,0.07399999999999807,0.02200000000000557
2019-04-25 00:00:00,112.114,112.118,112.233,112.094,11175,0.13900000000001,0.003999999999990678
2019-04-25 01:00:00,112.118,112.0,112.14,111.985,10840,0.15500000000000114,-0.117999999999995
2019-04-25 02:00:00,112.0,111.96,112.012,111.838,11489,0.1740000000000066,-0.04000000000000625
2019-04-25 03:00:00,111.96,111.963,112.017,111.909,7693,0.10799999999998988,0.0030000000000001137
2019-04-25 04:00:00,111.963,111.966,111.996,111.951,4444,0.045000000000001705,0.0030000000000001137
2019-04-25 05:00:00,111.966,111.94,111.968,111.897,4122,0.07099999999999795,-0.02599999999999625
2019-04-25 06:00:00,111.94,111.852,111.959,111.839,7238,0.12000000000000455,-0.08799999999999386
2019-04-25 07:00:00,111.852,111.829,111.868,111.737,14453,0.13100000000000023,-0.023000000000010346
2019-04-25 08:00:00,111.83,111.86,111.881,111.818,7669,0.06300000000000239,0.030000000000001137
2019-04-25 09:00:00,111.859,111.891,111.894,111.852,7779,0.04200000000000159,0.03200000000001069
2019-04-25 10:00:00,111.891,111.82,111.897,111.804,6579,0.09300000000000352,-0.07100000000001216
2019-04-25 11:00:00,111.82,111.887,111.896,111.816,6886,0.0799999999999983,0.06700000000000728
2019-04-25 12:00:00,111.887,111.807,111.895,111.806,10927,0.08899999999999864,-0.0799999999999983
2019-04-25 13:00:00,111.807,111.575,111.812,111.531,18165,0.2809999999999917,-0.23199999999999932
2019-04-25 14:00:00,111.575,111.439,111.6,111.358,19632,0.24199999999999022,-0.1360000000000099
2019-04-25 15:00:00,111.439,111.587,111.594,111.411,10989,0.18299999999999272,0.14800000000001035
2019-04-25 16:00:00,111.587,111.576,111.613,111.54,7807,0.07299999999999329,-0.01100000000000989
2019-04-25 17:00:00,111.576,111.534,111.599,111.52,5247,0.07900000000000773,-0.04199999999998738
2019-04-25 18:00:00,111.534,111.606,111.649,111.534,6423,0.11499999999999488,0.07199999999998852
2019-04-25 19:00:00,111.606,111.651,111.668,111.604,6601,0.06400000000000716,0.045000000000001705
2019-04-25 20:00:00,111.651,111.593,111.656,111.573,3699,0.08300000000001262,-0.057999999999992724
2019-04-25 21:00:00,111.593,111.578,111.609,111.565,13274,0.04399999999999693,-0.015000000000000568
2019-04-25 22:00:00,111.578,111.569,111.582,111.557,3254,0.024999999999991473,-0.009000000000000341
2019-04-25 23:00:00,111.569,111.539,111.573,111.5,4816,0.07299999999999329,-0.030000000000001137
2019-04-26 00:00:00,111.539,111.645,111.722,111.442,21678,0.28000000000000114,0.10599999999999454
2019-04-26 01:00:00,111.645,111.689,111.782,111.621,12749,0.16100000000000136,0.04399999999999693
2019-04-26 02:00:00,111.689,111.638,111.731,111.631,8722,0.09999999999999432,-0.05099999999998772
2019-04-26 03:00:00,111.638,111.629,111.648,111.598,5376,0.04999999999999716,-0.009000000000000341
2019-04-26 04:00:00,111.629,111.654,111.666,111.614,3540,0.0519999999999925,0.024999999999991473
2019-04-26 05:00:00,111.654,111.668,111.713,111.63,7483,0.08299999999999841,0.014000000000010004
2019-04-26 06:00:00,111.668,111.631,111.698,111.623,8442,0.07499999999998863,-0.03700000000000614
2019-04-26 07:00:00,111.631,111.67,111.671,111.608,7261,0.06300000000000239,0.03900000000000148
2019-04-26 08:00:00,111.67,111.652,111.689,111.643,7437,0.04599999999999227,-0.018000000000000682
2019-04-26 09:00:00,111.652,111.739,111.745,111.643,5557,0.10200000000000387,0.0870000000000033
2019-04-26 10:00:00,111.739,111.737,111.759,111.717,5884,0.04200000000000159,-0.0020000000000095497
2019-04-26 11:00:00,111.737,111.762,111.778,111.737,5675,0.04100000000001103,0.025000000000005684
2019-04-26 12:00:00,111.762,111.639,112.024,111.591,26166,0.43300000000000693,-0.12300000000000466
2019-04-26 13:00:00,111.639,111.564,111.686,111.506,23881,0.18000000000000682,-0.07500000000000284
2019-04-26 14:00:00,111.564,111.542,111.587,111.422,21550,0.16500000000000625,-0.02199999999999136
2019-04-26 15:00:00,111.542,111.591,111.619,111.521,10280,0.09799999999999898,0.04899999999999238
2019-04-26 16:00:00,111.591,111.567,111.62,111.554,6270,0.0660000000000025,-0.02400000000000091
2019-04-26 17:00:00,111.567,111.593,111.596,111.554,3915,0.04200000000000159,0.02600000000001046
2019-04-26 18:00:00,111.593,111.596,111.627,111.575,4466,0.0519999999999925,0.0030000000000001137
2019-04-26 19:00:00,111.596,111.6,111.609,111.572,7545,0.03699999999999193,0.003999999999990678
2019-04-26 20:00:00,111.601,111.53,111.641,111.485,6366,0.1560000000000059,-0.07099999999999795
2019-04-28 22:00:00,111.576,111.591,111.6,111.561,2089,0.03899999999998727,0.015000000000000568
2019-04-28 23:00:00,111.591,111.591,111.608,111.572,2444,0.036000000000001364,0.0
2019-04-29 00:00:00,111.595,111.589,111.607,111.571,712,0.036000000000001364,-0.006000000000000227
2019-04-29 01:00:00,111.606,111.626,111.635,111.603,4021,0.03200000000001069,0.020000000000010232
2019-04-29 02:00:00,111.626,111.587,111.634,111.582,4174,0.05200000000000671,-0.03900000000000148
2019-04-29 03:00:00,111.59,111.593,111.596,111.584,1091,0.012000000000000455,0.0030000000000001137
2019-04-29 04:00:00,111.593,111.602,111.606,111.583,3704,0.022999999999996135,0.009000000000000341
2019-04-29 05:00:00,111.602,111.617,111.623,111.591,2353,0.03200000000001069,0.015000000000000568
2019-04-29 06:00:00,111.617,111.654,111.659,111.603,5255,0.056000000000011596,0.03699999999999193
2019-04-29 07:00:00,111.654,111.75,111.754,111.651,5845,0.10300000000000864,0.09600000000000364
2019-04-29 08:00:00,111.75,111.733,111.772,111.722,5830,0.05000000000001137,-0.016999999999995907
2019-04-29 09:00:00,111.733,111.704,111.739,111.682,5596,0.05700000000000216,-0.029000000000010573
2019-04-29 10:00:00,111.704,111.728,111.739,111.703,4551,0.036000000000001364,0.02400000000000091
2019-04-29 11:00:00,111.728,111.728,111.766,111.719,6025,0.047000000000011255,0.0
2019-04-29 12:00:00,111.728,111.826,111.84,111.667,10265,0.17300000000000182,0.09799999999999898
2019-04-29 13:00:00,111.826,111.879,111.893,111.789,10342,0.1039999999999992,0.05300000000001148
2019-04-29 14:00:00,111.879,111.788,111.886,111.779,9162,0.10699999999999932,-0.09100000000000819
2019-04-29 15:00:00,111.788,111.792,111.835,111.774,7616,0.06099999999999284,0.0040000000000048885
2019-04-29 16:00:00,111.792,111.795,111.826,111.762,6544,0.06399999999999295,0.0030000000000001137
2019-04-29 17:00:00,111.795,111.761,111.812,111.75,4371,0.06199999999999761,-0.034000000000006025
2019-04-29 18:00:00,111.761,111.715,111.774,111.714,4468,0.060000000000002274,-0.04599999999999227
2019-04-29 19:00:00,111.715,111.658,111.744,111.646,6001,0.09799999999999898,-0.05700000000000216
2019-04-29 20:00:00,111.658,111.639,111.668,111.62,3838,0.04800000000000182,-0.019000000000005457
2019-04-29 21:00:00,111.639,111.638,111.674,111.622,11465,0.05200000000000671,-0.000999999999990564
2019-04-29 22:00:00,111.638,111.659,111.675,111.632,1989,0.042999999999992156,0.021000000000000796
2019-04-29 23:00:00,111.659,111.673,111.684,111.654,1744,0.030000000000001137,0.013999999999995794
2019-04-30 00:00:00,111.673,111.631,111.682,111.616,3683,0.0660000000000025,-0.04200000000000159
2019-04-30 01:00:00,111.631,111.567,111.631,111.549,9442,0.08199999999999363,-0.06400000000000716
2019-04-30 02:00:00,111.567,111.591,111.606,111.567,3296,0.03900000000000148,0.02400000000000091
2019-04-30 03:00:00,111.591,111.562,111.594,111.554,2258,0.03999999999999204,-0.028999999999996362
2019-04-30 04:00:00,111.562,111.505,111.57,111.483,3127,0.08699999999998909,-0.05700000000000216
2019-04-30 05:00:00,111.505,111.52,111.532,111.476,4064,0.055999999999997385,0.015000000000000568
2019-04-30 06:00:00,111.52,111.414,111.523,111.349,10128,0.17399999999999238,-0.10599999999999454
2019-04-30 07:00:00,111.414,111.323,111.422,111.268,9269,0.15399999999999636,-0.09100000000000819
2019-04-30 08:00:00,111.323,111.368,111.395,111.287,9045,0.10799999999998988,0.045000000000001705
2019-04-30 09:00:00,111.368,111.303,111.418,111.297,7992,0.12100000000000932,-0.06499999999999773
2019-04-30 10:00:00,111.303,111.319,111.346,111.285,6538,0.06100000000000705,0.016000000000005343
2019-04-30 11:00:00,111.319,111.264,111.32,111.23,6133,0.0899999999999892,-0.05500000000000682
2019-04-30 12:00:00,111.264,111.367,111.379,111.263,10854,0.11599999999999966,0.10300000000000864
2019-04-30 13:00:00,111.367,111.276,111.405,111.237,12499,0.16800000000000637,-0.09100000000000819
2019-04-30 14:00:00,111.276,111.359,111.462,111.265,15981,0.19700000000000273,0.08299999999999841
2019-04-30 15:00:00,111.359,111.395,111.411,111.295,13711,0.11599999999999966,0.036000000000001364
2019-04-30 16:00:00,111.395,111.316,111.411,111.296,6569,0.11499999999999488,-0.07899999999999352
2019-04-30 17:00:00,111.316,111.341,111.35,111.31,5281,0.03999999999999204,0.024999999999991473
2019-04-30 18:00:00,111.342,111.347,111.372,111.336,5945,0.036000000000001364,0.0049999999999954525
2019-04-30 19:00:00,111.347,111.386,111.393,111.32,8751,0.0730000000000075,0.03900000000000148
2019-04-30 20:00:00,111.386,111.398,111.466,111.362,4236,0.1039999999999992,0.012000000000000455
2019-04-30 21:00:00,111.398,111.436,111.439,111.365,5100,0.07399999999999807,0.038000000000010914
2019-04-30 22:00:00,111.436,111.447,111.457,111.402,2703,0.05499999999999261,0.01099999999999568
2019-04-30 23:00:00,111.447,111.392,111.457,111.385,4071,0.07199999999998852,-0.05500000000000682
2019-05-01 00:00:00,111.392,111.391,111.417,111.386,2574,0.03100000000000591,-0.000999999999990564
2019-05-01 01:00:00,111.391,111.431,111.432,111.386,1830,0.04600000000000648,0.03999999999999204
2019-05-01 02:00:00,111.431,111.44,111.454,111.425,1925,0.028999999999996362,0.009000000000000341
2019-05-01 03:00:00,111.44,111.49,111.497,111.438,2763,0.0589999999999975,0.04999999999999716
2019-05-01 04:00:00,111.49,111.486,111.496,111.48,1519,0.015999999999991132,-0.003999999999990678
2019-05-01 05:00:00,111.486,111.47,111.488,111.464,828,0.02400000000000091,-0.016000000000005343
2019-05-01 06:00:00,111.469,111.539,111.54,111.465,3475,0.07500000000000284,0.07000000000000739
2019-05-01 07:00:00,111.539,111.459,111.544,111.444,3362,0.09999999999999432,-0.0799999999999983
2019-05-01 08:00:00,111.459,111.412,111.469,111.412,3693,0.05699999999998795,-0.046999999999997044
2019-05-01 09:00:00,111.412,111.308,111.417,111.284,5532,0.13299999999999557,-0.1039999999999992
2019-05-01 10:00:00,111.308,111.289,111.334,111.249,3598,0.08500000000000796,-0.019000000000005457
2019-05-01 11:00:00,111.289,111.295,111.329,111.288,3403,0.04099999999999682,0.006000000000000227
2019-05-01 12:00:00,111.295,111.41,111.419,111.281,10226,0.13799999999999102,0.11499999999999488
2019-05-01 13:00:00,111.41,111.353,111.418,111.322,6243,0.09600000000000364,-0.05700000000000216
2019-05-01 14:00:00,111.353,111.168,111.353,111.118,16205,0.23499999999999943,-0.18499999999998806
2019-05-01 15:00:00,111.168,111.177,111.178,111.124,6250,0.054000000000002046,0.009000000000000341
2019-05-01 16:00:00,111.177,111.15,111.195,111.139,4779,0.055999999999997385,-0.027000000000001023
2019-05-01 17:00:00,111.15,111.125,111.181,111.118,5655,0.06300000000000239,-0.025000000000005684
2019-05-01 18:00:00,111.125,111.564,111.597,111.043,42322,0.5539999999999878,0.43899999999999295
2019-05-01 19:00:00,111.564,111.43,111.606,111.404,23724,0.20199999999999818,-0.13399999999998613
2019-05-01 20:00:00,111.43,111.365,111.447,111.353,3024,0.0940000000000083,-0.06500000000001194
2019-05-01 21:00:00,111.365,111.401,111.441,111.35,10697,0.09100000000000819,0.036000000000001364
2019-05-01 22:00:00,111.401,111.385,111.409,111.343,3207,0.0660000000000025,-0.015999999999991132
2019-05-01 23:00:00,111.385,111.442,111.466,111.384,2625,0.08199999999999363,0.05699999999998795
2019-05-02 00:00:00,111.442,111.524,111.532,111.44,5945,0.09199999999999875,0.08200000000000784
2019-05-02 01:00:00,111.524,111.543,111.565,111.48,4988,0.08499999999999375,0.019000000000005457
2019-05-02 02:00:00,111.543,111.653,111.657,111.533,6428,0.12399999999999523,0.10999999999999943
2019-05-02 03:00:00,111.653,111.541,111.66,111.52,4665,0.14000000000000057,-0.11200000000000898
2019-05-02 04:00:00,111.541,111.549,111.549,111.512,2594,0.03700000000000614,0.008000000000009777
2019-05-02 05:00:00,111.549,111.552,111.56,111.525,2426,0.03499999999999659,0.0030000000000001137
2019-05-02 06:00:00,111.552,111.569,111.597,111.532,5210,0.06499999999999773,0.016999999999995907
2019-05-02 07:00:00,111.569,111.499,111.569,111.44,10289,0.1290000000000049,-0.07000000000000739
2019-05-02 08:00:00,111.499,111.518,111.538,111.476,8938,0.06199999999999761,0.019000000000005457
2019-05-02 09:00:00,111.518,111.535,111.549,111.513,7054,0.036000000000001364,0.016999999999995907
2019-05-02 10:00:00,111.535,111.521,111.551,111.51,5574,0.04099999999999682,-0.013999999999995794
2019-05-02 11:00:00,111.521,111.507,111.527,111.461,10325,0.0660000000000025,-0.013999999999995794
2019-05-02 12:00:00,111.507,111.508,111.519,111.445,12145,0.07400000000001228,0.000999999999990564
2019-05-02 13:00:00,111.508,111.516,111.547,111.491,12919,0.055999999999997385,0.008000000000009777
2019-05-02 14:00:00,111.516,111.533,111.564,111.504,11352,0.05999999999998806,0.016999999999995907
2019-05-02 15:00:00,111.533,111.386,111.565,111.366,17242,0.19899999999999807,-0.14700000000000557
2019-05-02 16:00:00,111.386,111.489,111.495,111.382,10226,0.11299999999999955,0.10300000000000864
2019-05-02 17:00:00,111.489,111.477,111.504,111.469,4967,0.0350000000000108,-0.012000000000000455
2019-05-02 18:00:00,111.477,111.484,111.511,111.457,6703,0.054000000000002046,0.006999999999990791
2019-05-02 19:00:00,111.484,111.512,111.526,111.479,5777,0.046999999999997044,0.028000000000005798
2019-05-02 20:00:00,111.512,111.481,111.518,111.48,2670,0.0379999999999967,-0.03100000000000591
2019-05-02 21:00:00,111.481,111.503,111.513,111.481,31834,0.03200000000001069,0.02200000000000557
2019-05-02 22:00:00,111.503,111.521,111.528,111.487,3096,0.04100000000001103,0.018000000000000682
2019-05-02 23:00:00,111.521,111.491,111.529,111.49,2186,0.03900000000000148,-0.030000000000001137
2019-05-03 00:00:00,111.491,111.403,111.492,111.401,6043,0.09100000000000819,-0.08799999999999386
2019-05-03 01:00:00,111.403,111.427,111.433,111.401,4052,0.03200000000001069,0.02400000000000091
2019-05-03 02:00:00,111.427,111.462,111.472,111.404,2955,0.06799999999999784,0.03499999999999659
2019-05-03 03:00:00,111.462,111.47,111.492,111.461,3019,0.03100000000000591,0.007999999999995566
2019-05-03 04:00:00,111.469,111.481,111.491,111.456,2074,0.03499999999999659,0.012000000000000455
2019-05-03 05:00:00,111.481,111.478,111.495,111.469,3283,0.02600000000001046,-0.0030000000000001137
2019-05-03 06:00:00,111.479,111.519,111.527,111.47,4209,0.05700000000000216,0.04000000000000625
2019-05-03 07:00:00,111.519,111.47,111.536,111.464,8199,0.07200000000000273,-0.049000000000006594
2019-05-03 08:00:00,111.469,111.492,111.512,111.469,6482,0.043000000000006366,0.023000000000010346
2019-05-03 09:00:00,111.492,111.469,111.517,111.468,7683,0.04899999999999238,-0.023000000000010346
2019-05-03 10:00:00,111.484,111.481,111.489,111.459,5041,0.030000000000001137,-0.0030000000000001137
2019-05-03 11:00:00,111.481,111.504,111.53,111.48,10403,0.04999999999999716,0.023000000000010346
2019-05-03 12:00:00,111.504,111.428,111.682,111.415,15922,0.2669999999999959,-0.07600000000000762
2019-05-03 13:00:00,111.428,111.338,111.442,111.328,14978,0.11399999999999011,-0.09000000000000341
2019-05-03 14:00:00,111.338,111.222,111.343,111.179,17822,0.16400000000000148,-0.11599999999999966
2019-05-03 15:00:00,111.222,111.266,111.283,111.147,15458,0.13599999999999568,0.04400000000001114
2019-05-03 16:00:00,111.266,111.219,111.303,111.209,6948,0.09399999999999409,-0.047000000000011255
2019-05-03 17:00:00,111.219,111.192,111.242,111.191,3298,0.05100000000000193,-0.027000000000001023
2019-05-03 18:00:00,111.192,111.094,111.192,111.067,6803,0.125,-0.09799999999999898
2019-05-03 19:00:00,111.094,111.085,111.114,111.063,6460,0.05100000000000193,-0.009000000000000341
2019-05-03 20:00:00,111.085,111.073,111.109,111.07,3870,0.03900000000000148,-0.012000000000000455
2019-05-05 22:00:00,110.597,110.806,110.814,110.596,21421,0.2179999999999893,0.20900000000000318
2019-05-05 23:00:00,110.678,110.631,110.838,110.611,13358,0.22699999999998965,-0.046999999999997044
2019-05-06 00:00:00,110.631,110.301,110.707,110.287,36608,0.4199999999999875,-0.3299999999999983
2019-05-06 01:00:00,110.301,110.517,110.543,110.275,15302,0.2680000000000007,0.21599999999999397
2019-05-06 02:00:00,110.517,110.555,110.572,110.477,7900,0.09499999999999886,0.038000000000010914
2019-05-06 03:00:00,110.555,110.57,110.637,110.548,5273,0.08899999999999864,0.014999999999986358
2019-05-06 04:00:00,110.57,110.832,110.835,110.563,6999,0.27199999999999136,0.26200000000000045
2019-05-06 05:00:00,110.833,110.77,110.846,110.738,8783,0.10800000000000409,-0.06300000000000239
2019-05-06 06:00:00,110.77,110.674,110.788,110.666,6834,0.12199999999999989,-0.09599999999998943
2019-05-06 07:00:00,110.674,110.728,110.834,110.629,13481,0.2049999999999983,0.053999999999987836
2019-05-06 08:00:00,110.728,110.71,110.753,110.686,6524,0.06699999999999307,-0.018000000000000682
2019-05-06 09:00:00,110.71,110.747,110.755,110.709,5251,0.04599999999999227,0.03700000000000614
2019-05-06 10:00:00,110.747,110.78,110.803,110.713,8285,0.09000000000000341,0.03300000000000125
2019-05-06 11:00:00,110.78,110.835,110.855,110.766,9745,0.08899999999999864,0.05499999999999261
2019-05-06 12:00:00,110.835,110.901,110.941,110.821,11789,0.12000000000000455,0.0660000000000025
2019-05-06 13:00:00,110.901,110.9,110.937,110.832,15460,0.10500000000000398,-0.000999999999990564
2019-05-06 14:00:00,110.9,110.868,110.93,110.837,13249,0.09300000000000352,-0.03200000000001069
2019-05-06 15:00:00,110.868,110.852,110.953,110.837,13909,0.11599999999999966,-0.015999999999991132
2019-05-06 16:00:00,110.852,110.799,110.861,110.791,9776,0.07000000000000739,-0.05299999999999727
2019-05-06 17:00:00,110.799,110.844,110.847,110.766,6846,0.08099999999998886,0.044999999999987494
2019-05-06 18:00:00,110.844,110.909,110.951,110.819,9883,0.1319999999999908,0.06500000000001194
2019-05-06 19:00:00,110.909,110.88,110.92,110.86,8991,0.060000000000002274,-0.029000000000010573
2019-05-06 20:00:00,110.88,110.737,110.883,110.698,5253,0.18500000000000227,-0.14300000000000068
2019-05-06 21:00:00,110.737,110.682,110.737,110.581,14874,0.1559999999999917,-0.05499999999999261
2019-05-06 22:00:00,110.682,110.776,110.781,110.664,6366,0.11700000000000443,0.09399999999999409
2019-05-06 23:00:00,110.776,110.796,110.846,110.74,5811,0.10600000000000875,0.020000000000010232
2019-05-07 00:00:00,110.796,110.71,110.847,110.673,13715,0.17399999999999238,-0.08600000000001273
2019-05-07 01:00:00,110.71,110.643,110.721,110.624,10003,0.09700000000000841,-0.06699999999999307
2019-05-07 02:00:00,110.643,110.73,110.734,110.641,6223,0.09299999999998931,0.0870000000000033
2019-05-07 03:00:00,110.73,110.635,110.73,110.583,7165,0.14700000000000557,-0.09499999999999886
2019-05-07 04:00:00,110.635,110.649,110.683,110.61,8300,0.0730000000000075,0.013999999999995794
2019-05-07 05:00:00,110.649,110.626,110.651,110.603,5325,0.04800000000000182,-0.022999999999996135
2019-05-07 06:00:00,110.626,110.715,110.839,110.589,17094,0.25,0.08899999999999864
2019-05-07 07:00:00,110.715,110.648,110.722,110.6,14401,0.12199999999999989,-0.06700000000000728
2019-05-07 08:00:00,110.648,110.557,110.677,110.547,9909,0.13000000000000966,-0.09099999999999397
2019-05-07 09:00:00,110.557,110.562,110.627,110.536,8157,0.09099999999999397,0.0049999999999954525
2019-05-07 10:00:00,110.562,110.575,110.631,110.562,6393,0.06900000000000261,0.01300000000000523
2019-05-07 11:00:00,110.575,110.588,110.655,110.565,10037,0.09000000000000341,0.012999999999991019
2019-05-07 12:00:00,110.588,110.652,110.668,110.543,10727,0.125,0.06400000000000716
2019-05-07 13:00:00,110.652,110.478,110.664,110.445,17322,0.2190000000000083,-0.1740000000000066
2019-05-07 14:00:00,110.478,110.391,110.489,110.375,19699,0.11400000000000432,-0.08699999999998909
2019-05-07 15:00:00,110.391,110.34,110.445,110.325,18465,0.11999999999999034,-0.05100000000000193
2019-05-07 16:00:00,110.34,110.329,110.396,110.302,11590,0.09399999999999409,-0.01100000000000989
2019-05-07 17:00:00,110.329,110.186,110.35,110.164,13223,0.18599999999999284,-0.14299999999998647
2019-05-07 18:00:00,110.186,110.252,110.296,110.169,15025,0.12700000000000955,0.06599999999998829
2019-05-07 19:00:00,110.252,110.267,110.291,110.175,14303,0.11599999999999966,0.015000000000000568
2019-05-07 20:00:00,110.267,110.228,110.313,110.224,3294,0.08899999999999864,-0.03900000000000148
2019-05-07 21:00:00,110.228,110.252,110.286,110.205,20735,0.08100000000000307,0.02400000000000091
2019-05-07 22:00:00,110.252,110.246,110.272,110.221,3181,0.05100000000000193,-0.006000000000000227
2019-05-07 23:00:00,110.246,110.26,110.283,110.227,4355,0.055999999999997385,0.014000000000010004
2019-05-08 00:00:00,110.26,110.121,110.265,110.085,14221,0.18000000000000682,-0.13900000000001
2019-05-08 01:00:00,110.121,110.088,110.203,110.067,9234,0.1360000000000099,-0.03300000000000125
2019-05-08 02:00:00,110.088,110.014,110.1,109.957,13256,0.14300000000000068,-0.07399999999999807
2019-05-08 03:00:00,110.014,109.936,110.042,109.897,6842,0.14499999999999602,-0.07799999999998875
2019-05-08 04:00:00,109.936,109.957,109.986,109.914,4581,0.07200000000000273,0.020999999999986585
2019-05-08 05:00:00,109.957,110.049,110.054,109.955,5326,0.09900000000000375,0.09200000000001296
2019-05-08 06:00:00,110.049,110.102,110.106,109.999,9919,0.10699999999999932,0.05299999999999727
2019-05-08 07:00:00,110.102,110.13,110.167,110.08,11713,0.0870000000000033,0.027999999999991587
2019-05-08 08:00:00,110.13,110.141,110.173,110.061,10456,0.11199999999999477,0.01100000000000989
2019-05-08 09:00:00,110.141,109.978,110.141,109.974,12539,0.1670000000000016,-0.16300000000001091
2019-05-08 10:00:00,109.978,109.998,110.066,109.947,13632,0.11899999999999977,0.020000000000010232
2019-05-08 11:00:00,109.998,110.08,110.096,109.964,13319,0.132000000000005,0.08199999999999363
2019-05-08 12:00:00,110.079,110.132,110.262,110.042,22790,0.21999999999999886,0.05300000000001148
2019-05-08 13:00:00,110.132,110.126,110.177,110.057,27881,0.12000000000000455,-0.006000000000000227
2019-05-08 14:00:00,110.126,110.188,110.213,110.081,21173,0.1319999999999908,0.06199999999999761
2019-05-08 15:00:00,110.188,110.118,110.204,109.957,36052,0.2469999999999999,-0.07000000000000739
2019-05-08 16:00:00,110.118,110.131,110.179,110.074,12233,0.10500000000000398,0.01300000000000523
2019-05-08 17:00:00,110.131,110.103,110.221,110.082,10835,0.13900000000001,-0.028000000000005798
2019-05-08 18:00:00,110.103,110.127,110.163,110.096,8133,0.06699999999999307,0.02400000000000091
2019-05-08 19:00:00,110.127,110.06,110.138,110.04,8504,0.09799999999999898,-0.06699999999999307
2019-05-08 20:00:00,110.06,110.088,110.121,110.06,4085,0.06099999999999284,0.027999999999991587
2019-05-08 21:00:00,110.088,110.055,110.109,110.045,24886,0.06399999999999295,-0.03299999999998704
2019-05-08 22:00:00,110.055,110.061,110.073,110.008,4811,0.06499999999999773,0.006000000000000227
2019-05-08 23:00:00,110.061,110.025,110.064,110.007,3513,0.05699999999998795,-0.036000000000001364
2019-05-09 00:00:00,110.025,109.937,110.078,109.825,23967,0.2530000000000001,-0.08800000000000807
2019-05-09 01:00:00,109.937,109.981,110.035,109.902,11305,0.13299999999999557,0.04399999999999693
2019-05-09 02:00:00,109.981,109.915,110.002,109.855,9117,0.14699999999999136,-0.06599999999998829
2019-05-09 03:00:00,109.915,109.951,109.951,109.89,5026,0.06099999999999284,0.03599999999998715
2019-05-09 04:00:00,109.951,109.926,109.957,109.92,4687,0.03699999999999193,-0.024999999999991473
2019-05-09 05:00:00,109.926,109.935,109.962,109.891,6149,0.07099999999999795,0.009000000000000341
2019-05-09 06:00:00,109.935,109.828,109.951,109.816,10034,0.1349999999999909,-0.10699999999999932
2019-05-09 07:00:00,109.828,109.616,109.833,109.592,24435,0.24099999999999966,-0.2120000000000033
2019-05-09 08:00:00,109.615,109.698,109.728,109.603,13827,0.125,0.08299999999999841
2019-05-09 09:00:00,109.698,109.743,109.78,109.694,9477,0.08599999999999852,0.045000000000001705
2019-05-09 10:00:00,109.743,109.875,109.911,109.732,8832,0.17900000000000205,0.132000000000005
2019-05-09 11:00:00,109.875,109.814,109.881,109.806,7498,0.07500000000000284,-0.06100000000000705
2019-05-09 12:00:00,109.814,109.753,109.85,109.741,10264,0.10899999999999466,-0.06099999999999284
2019-05-09 13:00:00,109.753,109.633,109.828,109.556,21856,0.27200000000000557,-0.12000000000000455
2019-05-09 14:00:00,109.633,109.554,109.656,109.502,30371,0.15400000000001057,-0.07899999999999352
2019-05-09 15:00:00,109.554,109.556,109.597,109.465,19988,0.1319999999999908,0.001999999999995339
2019-05-09 16:00:00,109.556,109.778,109.894,109.544,33673,0.3500000000000085,0.2220000000000084
2019-05-09 17:00:00,109.778,109.707,109.812,109.681,20630,0.13100000000000023,-0.07100000000001216
2019-05-09 18:00:00,109.707,109.684,109.748,109.674,15366,0.07399999999999807,-0.022999999999996135
2019-05-09 19:00:00,109.684,109.722,109.737,109.614,13812,0.12299999999999045,0.0379999999999967
2019-05-09 20:00:00,109.722,109.745,109.796,109.683,5136,0.11299999999999955,0.023000000000010346
2019-05-09 21:00:00,109.745,109.712,109.775,109.669,8465,0.10600000000000875,-0.03300000000000125
2019-05-09 22:00:00,109.712,109.716,109.733,109.684,3422,0.049000000000006594,0.003999999999990678
2019-05-09 23:00:00,109.716,109.832,109.838,109.716,5874,0.12199999999999989,0.11599999999999966
2019-05-10 00:00:00,109.833,109.872,109.917,109.741,30814,0.17600000000000193,0.03900000000000148
2019-05-10 01:00:00,109.872,110.028,110.044,109.787,18573,0.2569999999999908,0.1560000000000059
2019-05-10 02:00:00,110.028,109.839,110.033,109.836,11610,0.19700000000000273,-0.18900000000000716
2019-05-10 03:00:00,109.839,109.764,109.909,109.726,22441,0.18300000000000693,-0.07500000000000284
2019-05-10 04:00:00,109.764,109.704,109.882,109.662,25137,0.21999999999999886,-0.060000000000002274
2019-05-10 05:00:00,109.704,109.734,109.74,109.616,11691,0.12399999999999523,0.030000000000001137
2019-05-10 06:00:00,109.734,109.776,109.815,109.682,9734,0.13299999999999557,0.04200000000000159
2019-05-10 07:00:00,109.776,109.761,109.832,109.731,13221,0.10099999999999909,-0.015000000000000568
2019-05-10 08:00:00,109.761,109.826,109.865,109.743,10615,0.12199999999999989,0.06499999999999773
2019-05-10 09:00:00,109.826,109.823,109.872,109.809,7460,0.06300000000000239,-0.0030000000000001137
2019-05-10 10:00:00,109.823,109.758,109.877,109.755,9228,0.12199999999999989,-0.06499999999999773
2019-05-10 11:00:00,109.758,109.737,109.817,109.71,15720,0.10699999999999932,-0.021000000000000796
2019-05-10 12:00:00,109.737,109.673,109.761,109.622,17623,0.1389999999999958,-0.06399999999999295
2019-05-10 13:00:00,109.673,109.649,109.734,109.632,17401,0.10199999999998965,-0.02400000000000091
2019-05-10 14:00:00,109.649,109.576,109.662,109.495,19530,0.1670000000000016,-0.0730000000000075
2019-05-10 15:00:00,109.576,109.551,109.687,109.465,30238,0.2219999999999942,-0.024999999999991473
2019-05-10 16:00:00,109.551,109.676,109.724,109.55,20106,0.1740000000000066,0.125
2019-05-10 17:00:00,109.676,109.847,109.895,109.664,22046,0.23099999999999454,0.17099999999999227
2019-05-10 18:00:00,109.848,109.9,109.954,109.839,14429,0.11499999999999488,0.05200000000000671
2019-05-10 19:00:00,109.9,109.931,110.038,109.869,19804,0.16899999999999693,0.0309999999999917
2019-05-10 20:00:00,109.931,109.934,109.972,109.907,4752,0.06499999999999773,0.0030000000000001137
2019-05-12 22:00:00,109.779,109.761,109.826,109.719,14688,0.10699999999999932,-0.018000000000000682
2019-05-12 23:00:00,109.743,109.641,109.771,109.63,8337,0.14100000000000534,-0.10199999999998965
2019-05-13 00:00:00,109.641,109.71,109.728,109.593,19969,0.1349999999999909,0.0689999999999884
2019-05-13 01:00:00,109.71,109.77,109.774,109.694,6795,0.0799999999999983,0.060000000000002274
2019-05-13 02:00:00,109.77,109.74,109.802,109.709,6590,0.09300000000000352,-0.030000000000001137
2019-05-13 03:00:00,109.741,109.756,109.783,109.72,3085,0.06300000000000239,0.015000000000000568
2019-05-13 04:00:00,109.756,109.77,109.781,109.752,3566,0.029000000000010573,0.013999999999995794
2019-05-13 05:00:00,109.77,109.737,109.777,109.701,4800,0.07600000000000762,-0.03300000000000125
2019-05-13 06:00:00,109.737,109.731,109.766,109.686,7182,0.0799999999999983,-0.006000000000000227
2019-05-13 07:00:00,109.731,109.636,109.744,109.621,13261,0.12300000000000466,-0.09499999999999886
2019-05-13 08:00:00,109.636,109.651,109.701,109.585,11894,0.11599999999999966,0.015000000000000568
2019-05-13 09:00:00,109.651,109.675,109.715,109.647,7957,0.06799999999999784,0.02400000000000091
2019-05-13 10:00:00,109.675,109.659,109.683,109.641,7249,0.04200000000000159,-0.015999999999991132
2019-05-13 11:00:00,109.659,109.618,109.666,109.594,7659,0.07200000000000273,-0.04100000000001103
2019-05-13 12:00:00,109.618,109.131,109.626,109.084,36426,0.5420000000000016,-0.48699999999999477
2019-05-13 13:00:00,109.131,109.091,109.182,109.034,26048,0.14799999999999613,-0.04000000000000625
2019-05-13 14:00:00,109.091,109.118,109.151,109.013,25675,0.13799999999999102,0.027000000000001023
2019-05-13 15:00:00,109.118,109.184,109.222,109.089,22530,0.13299999999999557,0.0660000000000025
2019-05-13 16:00:00,109.184,109.136,109.193,109.071,16623,0.12199999999999989,-0.04800000000000182
2019-05-13 17:00:00,109.136,109.266,109.343,109.091,17752,0.25200000000000955,0.13000000000000966
2019-05-13 18:00:00,109.266,109.325,109.383,109.203,28493,0.1799999999999926,0.0589999999999975
2019-05-13 19:00:00,109.325,109.326,109.372,109.254,20285,0.117999999999995,0.000999999999990564
2019-05-13 20:00:00,109.326,109.304,109.341,109.289,3635,0.0519999999999925,-0.02199999999999136
2019-05-13 21:00:00,109.304,109.206,109.304,109.195,13312,0.10900000000000887,-0.09799999999999898
2019-05-13 22:00:00,109.206,109.222,109.259,109.191,6643,0.06799999999999784,0.015999999999991132
2019-05-13 23:00:00,109.222,109.154,109.252,109.139,4414,0.11299999999999955,-0.06799999999999784
2019-05-14 00:00:00,109.154,109.413,109.423,109.147,15020,0.27599999999999625,0.25900000000000034
2019-05-14 01:00:00,109.413,109.576,109.636,109.381,17457,0.25499999999999545,0.1629999999999967
2019-05-14 02:00:00,109.576,109.552,109.585,109.542,9503,0.042999999999992156,-0.0239999999999867
2019-05-14 03:00:00,109.552,109.585,109.611,109.549,7283,0.06199999999999761,0.03299999999998704
2019-05-14 04:00:00,109.585,109.653,109.701,109.565,4886,0.13599999999999568,0.06800000000001205
2019-05-14 05:00:00,109.653,109.643,109.674,109.605,5755,0.06900000000000261,-0.010000000000005116
2019-05-14 06:00:00,109.643,109.636,109.651,109.53,9317,0.12099999999999511,-0.007000000000005002
2019-05-14 07:00:00,109.636,109.669,109.768,109.631,11410,0.13700000000000045,0.03300000000000125
2019-05-14 08:00:00,109.669,109.662,109.685,109.592,6535,0.09300000000000352,-0.006999999999990791
2019-05-14 09:00:00,109.662,109.646,109.727,109.643,5573,0.08400000000000318,-0.016000000000005343
2019-05-14 10:00:00,109.646,109.669,109.7,109.64,5349,0.060000000000002274,0.022999999999996135
2019-05-14 11:00:00,109.669,109.62,109.755,109.6,9468,0.15500000000000114,-0.04899999999999238
2019-05-14 12:00:00,109.62,109.547,109.632,109.439,16620,0.19300000000001205,-0.0730000000000075
2019-05-14 13:00:00,109.547,109.567,109.623,109.49,15274,0.13300000000000978,0.01999999999999602
2019-05-14 14:00:00,109.567,109.576,109.608,109.52,15087,0.08800000000000807,0.009000000000000341
2019-05-14 15:00:00,109.576,109.665,109.707,109.562,14108,0.14499999999999602,0.08900000000001285
2019-05-14 16:00:00,109.665,109.651,109.683,109.648,6310,0.0350000000000108,-0.014000000000010004
2019-05-14 17:00:00,109.651,109.691,109.704,109.649,5083,0.05499999999999261,0.04000000000000625
2019-05-14 18:00:00,109.691,109.62,109.697,109.604,7924,0.09300000000000352,-0.07099999999999795
2019-05-14 19:00:00,109.62,109.599,109.698,109.595,10241,0.10299999999999443,-0.021000000000000796
2019-05-14 20:00:00,109.599,109.586,109.628,109.571,3262,0.05700000000000216,-0.01300000000000523
2019-05-14 21:00:00,109.585,109.636,109.65,109.582,18801,0.06800000000001205,0.05100000000000193
2019-05-14 22:00:00,109.636,109.645,109.651,109.613,5246,0.0379999999999967,0.009000000000000341
2019-05-14 23:00:00,109.645,109.67,109.677,109.624,3181,0.05300000000001148,0.025000000000005684
2019-05-15 00:00:00,109.67,109.582,109.682,109.517,9426,0.16500000000000625,-0.08800000000000807
2019-05-15 01:00:00,109.582,109.641,109.684,109.52,9469,0.16400000000000148,0.05900000000001171
2019-05-15 02:00:00,109.641,109.645,109.676,109.567,10008,0.10900000000000887,0.003999999999990678
2019-05-15 03:00:00,109.645,109.633,109.666,109.614,4690,0.0519999999999925,-0.012000000000000455
2019-05-15 04:00:00,109.633,109.642,109.65,109.621,2985,0.029000000000010573,0.009000000000000341
2019-05-15 05:00:00,109.642,109.68,109.681,109.624,4296,0.05700000000000216,0.038000000000010914
2019-05-15 06:00:00,109.68,109.686,109.697,109.63,5667,0.06700000000000728,0.006000000000000227
2019-05-15 07:00:00,109.686,109.504,109.687,109.476,11990,0.21099999999999852,-0.18200000000000216
2019-05-15 08:00:00,109.504,109.403,109.537,109.396,8867,0.14100000000000534,-0.10099999999999909
2019-05-15 09:00:00,109.403,109.338,109.471,109.302,11414,0.16899999999999693,-0.06500000000001194
2019-05-15 10:00:00,109.338,109.356,109.377,109.264,8698,0.11299999999999955,0.018000000000000682
2019-05-15 11:00:00,109.356,109.326,109.42,109.286,9697,0.13400000000000034,-0.030000000000001137
2019-05-15 12:00:00,109.326,109.27,109.329,109.171,18668,0.15799999999998704,-0.055999999999997385
2019-05-15 13:00:00,109.27,109.352,109.399,109.147,24585,0.25199999999999534,0.08200000000000784
2019-05-15 14:00:00,109.352,109.531,109.554,109.304,7827,0.25,0.17900000000000205
2019-05-15 16:00:00,109.531,109.43,109.554,109.401,8256,0.1530000000000058,-0.10099999999999909
2019-05-15 17:00:00,109.43,109.481,109.521,109.42,7298,0.10099999999999909,0.05099999999998772
2019-05-15 18:00:00,109.481,109.544,109.582,109.479,8121,0.10299999999999443,0.06300000000000239
2019-05-15 19:00:00,109.544,109.551,109.582,109.538,7823,0.04399999999999693,0.007000000000005002
2019-05-15 20:00:00,109.551,109.59,109.593,109.538,2825,0.05500000000000682,0.03900000000000148
2019-05-15 21:00:00,109.59,109.581,109.59,109.526,13051,0.06400000000000716,-0.009000000000000341
2019-05-15 22:00:00,109.581,109.551,109.582,109.53,5376,0.0519999999999925,-0.030000000000001137
2019-05-15 23:00:00,109.551,109.466,109.556,109.457,3733,0.09900000000000375,-0.08500000000000796
2019-05-16 00:00:00,109.466,109.451,109.469,109.377,8949,0.09199999999999875,-0.015000000000000568
2019-05-16 01:00:00,109.452,109.406,109.456,109.33,15110,0.12600000000000477,-0.04599999999999227
2019-05-16 02:00:00,109.406,109.472,109.53,109.384,8943,0.1460000000000008,0.06599999999998829
2019-05-16 03:00:00,109.472,109.487,109.527,109.46,5815,0.06700000000000728,0.015000000000000568
2019-05-16 04:00:00,109.487,109.457,109.525,109.456,3961,0.06900000000000261,-0.030000000000001137
2019-05-16 05:00:00,109.457,109.463,109.478,109.429,5278,0.04899999999999238,0.006000000000000227
2019-05-16 06:00:00,109.463,109.463,109.495,109.411,6228,0.08400000000000318,0.0
2019-05-16 07:00:00,109.463,109.447,109.489,109.344,11780,0.14500000000001023,-0.015999999999991132
2019-05-16 08:00:00,109.447,109.546,109.588,109.42,12853,0.16799999999999216,0.09900000000000375
2019-05-16 09:00:00,109.546,109.567,109.597,109.521,7690,0.0759999999999934,0.020999999999986585
2019-05-16 10:00:00,109.567,109.636,109.662,109.567,8551,0.09500000000001307,0.06900000000000261
2019-05-16 11:00:00,109.636,109.671,109.673,109.594,9270,0.07900000000000773,0.0350000000000108
2019-05-16 12:00:00,109.671,109.739,109.793,109.595,14622,0.1980000000000075,0.06799999999999784
2019-05-16 13:00:00,109.739,109.835,109.88,109.691,15917,0.18899999999999295,0.09599999999998943
2019-05-16 14:00:00,109.835,109.933,109.936,109.805,14552,0.13100000000000023,0.09800000000001319
2019-05-16 15:00:00,109.933,109.884,109.962,109.864,10075,0.09799999999999898,-0.049000000000006594
2019-05-16 16:00:00,109.884,109.846,109.896,109.831,8489,0.06499999999999773,-0.0379999999999967
2019-05-16 17:00:00,109.846,109.812,109.872,109.794,7697,0.07800000000000296,-0.034000000000006025
2019-05-16 18:00:00,109.812,109.843,109.867,109.792,9227,0.07500000000000284,0.03100000000000591
2019-05-16 19:00:00,109.843,109.82,109.865,109.804,11080,0.06099999999999284,-0.023000000000010346
2019-05-16 20:00:00,109.82,109.832,109.847,109.808,2536,0.03899999999998727,0.012000000000000455
2019-05-16 21:00:00,109.832,109.853,109.868,109.826,18334,0.04200000000000159,0.021000000000000796
2019-05-16 22:00:00,109.853,109.856,109.859,109.823,2530,0.036000000000001364,0.0030000000000001137
2019-05-16 23:00:00,109.857,109.875,109.877,109.827,2655,0.04999999999999716,0.018000000000000682
2019-05-17 00:00:00,109.875,109.954,109.966,109.809,10551,0.15699999999999648,0.07899999999999352
2019-05-17 01:00:00,109.954,109.948,110.028,109.901,10317,0.12700000000000955,-0.006000000000000227
2019-05-17 02:00:00,109.948,109.846,109.96,109.844,9192,0.11599999999999966,-0.10199999999998965
2019-05-17 03:00:00,109.846,109.679,109.869,109.679,13465,0.18999999999999773,-0.1670000000000016
2019-05-17 04:00:00,109.679,109.71,109.759,109.67,6751,0.08899999999999864,0.0309999999999917
2019-05-17 05:00:00,109.71,109.629,109.71,109.594,10281,0.11599999999999966,-0.08099999999998886
2019-05-17 06:00:00,109.629,109.615,109.665,109.543,12944,0.12199999999999989,-0.014000000000010004
2019-05-17 07:00:00,109.615,109.722,109.74,109.591,14739,0.1490000000000009,0.10699999999999932
2019-05-17 08:00:00,109.722,109.61,109.722,109.583,10785,0.1389999999999958,-0.11199999999999477
2019-05-17 09:00:00,109.609,109.695,109.719,109.594,14376,0.125,0.08599999999999852
2019-05-17 10:00:00,109.695,109.64,109.695,109.63,8598,0.06499999999999773,-0.05499999999999261
2019-05-17 11:00:00,109.64,109.562,109.64,109.552,10606,0.08799999999999386,-0.07800000000000296
2019-05-17 12:00:00,109.562,109.611,109.681,109.487,18920,0.19400000000000261,0.049000000000006594
2019-05-17 13:00:00,109.611,109.716,109.746,109.57,21043,0.17600000000000193,0.10499999999998977
2019-05-17 14:00:00,109.716,109.963,109.997,109.716,28776,0.2810000000000059,0.2469999999999999
2019-05-17 15:00:00,109.963,109.875,110.0,109.874,17708,0.12600000000000477,-0.08799999999999386
2019-05-17 16:00:00,109.875,109.942,109.95,109.834,11753,0.11599999999999966,0.06699999999999307
2019-05-17 17:00:00,109.942,110.046,110.188,109.939,15415,0.24900000000000944,0.10400000000001342
2019-05-17 18:00:00,110.046,110.105,110.106,110.016,8135,0.0899999999999892,0.0589999999999975
2019-05-17 19:00:00,110.105,109.997,110.105,109.92,30310,0.18500000000000227,-0.10800000000000409
2019-05-17 20:00:00,109.997,110.052,110.076,109.995,6800,0.08099999999998886,0.05500000000000682
2019-05-19 22:00:00,110.067,110.03,110.079,110.009,3551,0.06999999999999318,-0.03699999999999193
2019-05-19 23:00:00,110.03,110.168,110.207,110.022,8246,0.18499999999998806,0.13800000000000523
2019-05-20 00:00:00,110.168,110.219,110.26,110.142,14418,0.11800000000000921,0.05099999999998772
2019-05-20 01:00:00,110.219,110.203,110.312,110.194,17316,0.117999999999995,-0.015999999999991132
2019-05-20 02:00:00,110.203,110.228,110.261,110.169,11696,0.09199999999999875,0.024999999999991473
2019-05-20 03:00:00,110.228,110.197,110.233,110.174,8111,0.0589999999999975,-0.0309999999999917
2019-05-20 04:00:00,110.197,110.21,110.229,110.196,4365,0.03300000000000125,0.012999999999991019
2019-05-20 05:00:00,110.165,110.137,110.219,110.124,6637,0.09499999999999886,-0.028000000000005798
2019-05-20 06:00:00,110.137,110.162,110.173,110.101,16076,0.07200000000000273,0.025000000000005684
2019-05-20 07:00:00,110.162,110.103,110.188,110.045,12722,0.14300000000000068,-0.05900000000001171
2019-05-20 08:00:00,110.104,110.009,110.161,109.991,11729,0.1700000000000017,-0.09499999999999886
2019-05-20 09:00:00,110.009,110.073,110.076,110.001,10201,0.07499999999998863,0.06399999999999295
2019-05-20 10:00:00,110.073,109.909,110.073,109.888,13697,0.18499999999998806,-0.16399999999998727
2019-05-20 11:00:00,109.909,109.877,109.934,109.835,11447,0.09900000000000375,-0.03200000000001069
2019-05-20 12:00:00,109.877,109.915,109.917,109.802,15393,0.11499999999999488,0.038000000000010914
2019-05-20 13:00:00,109.915,109.941,109.962,109.806,21992,0.1560000000000059,0.02599999999999625
2019-05-20 14:00:00,109.941,109.962,110.009,109.894,22284,0.11499999999999488,0.021000000000000796
2019-05-20 15:00:00,109.962,109.951,109.99,109.923,15988,0.06699999999999307,-0.01100000000000989
2019-05-20 16:00:00,109.951,109.963,110.058,109.942,11971,0.11600000000001387,0.012000000000000455
2019-05-20 17:00:00,109.963,109.969,109.984,109.937,7860,0.046999999999997044,0.006000000000000227
2019-05-20 18:00:00,109.969,109.971,109.987,109.947,7731,0.03999999999999204,0.0020000000000095497
2019-05-20 19:00:00,109.971,110.026,110.038,109.963,10661,0.07500000000000284,0.05499999999999261
2019-05-20 20:00:00,110.026,110.048,110.058,110.013,4029,0.045000000000001705,0.02200000000000557
2019-05-20 21:00:00,110.048,110.073,110.133,109.999,17105,0.13400000000000034,0.024999999999991473
2019-05-20 22:00:00,110.073,110.03,110.073,110.015,2705,0.057999999999992724,-0.042999999999992156
2019-05-20 23:00:00,110.03,110.081,110.09,110.026,4725,0.06400000000000716,0.05100000000000193
2019-05-21 00:00:00,110.081,110.142,110.157,110.038,8578,0.11899999999999977,0.06099999999999284
2019-05-21 01:00:00,110.142,110.181,110.204,110.123,10547,0.08099999999998886,0.03900000000000148
2019-05-21 02:00:00,110.181,110.185,110.197,110.123,6060,0.07399999999999807,0.0040000000000048885
2019-05-21 03:00:00,110.185,110.222,110.257,110.175,8585,0.08200000000000784,0.03699999999999193
2019-05-21 04:00:00,110.222,110.17,110.222,110.157,4864,0.06499999999999773,-0.0519999999999925
2019-05-21 05:00:00,110.17,110.16,110.183,110.135,6638,0.04800000000000182,-0.010000000000005116
2019-05-21 06:00:00,110.16,110.195,110.228,110.127,7962,0.10099999999999909,0.03499999999999659
2019-05-21 07:00:00,110.195,110.119,110.212,110.059,10803,0.1530000000000058,-0.0759999999999934
2019-05-21 08:00:00,110.119,110.106,110.138,110.078,8425,0.060000000000002274,-0.01300000000000523
2019-05-21 09:00:00,110.106,110.182,110.186,110.061,10109,0.125,0.07600000000000762
2019-05-21 10:00:00,110.182,110.279,110.311,110.181,9480,0.13000000000000966,0.0969999999999942
2019-05-21 11:00:00,110.279,110.421,110.431,110.249,12641,0.18200000000000216,0.14200000000001012
2019-05-21 12:00:00,110.421,110.539,110.559,110.395,17537,0.16400000000000148,0.117999999999995
2019-05-21 13:00:00,110.539,110.57,110.594,110.48,17977,0.11399999999999011,0.0309999999999917
2019-05-21 14:00:00,110.57,110.597,110.625,110.513,19918,0.11199999999999477,0.027000000000001023
2019-05-21 15:00:00,110.597,110.619,110.629,110.525,12054,0.1039999999999992,0.02200000000000557
2019-05-21 16:00:00,110.619,110.617,110.656,110.565,9124,0.09100000000000819,-0.001999999999995339
2019-05-21 17:00:00,110.617,110.657,110.658,110.606,6620,0.05200000000000671,0.03999999999999204
2019-05-21 18:00:00,110.657,110.622,110.667,110.588,9395,0.07900000000000773,-0.03499999999999659
2019-05-21 19:00:00,110.622,110.537,110.622,110.521,7046,0.10099999999999909,-0.08499999999999375
2019-05-21 20:00:00,110.537,110.489,110.565,110.446,5894,0.11899999999999977,-0.04800000000000182
2019-05-21 21:00:00,110.489,110.508,110.541,110.473,25568,0.06799999999999784,0.018999999999991246
2019-05-21 22:00:00,110.508,110.539,110.547,110.484,3107,0.06300000000000239,0.03100000000000591
2019-05-21 23:00:00,110.539,110.559,110.585,110.532,3576,0.05299999999999727,0.01999999999999602
2019-05-22 00:00:00,110.559,110.49,110.581,110.461,8863,0.12000000000000455,-0.06900000000000261
2019-05-22 01:00:00,110.49,110.576,110.597,110.488,8956,0.10899999999999466,0.08599999999999852
2019-05-22 02:00:00,110.576,110.53,110.62,110.529,6177,0.09100000000000819,-0.04599999999999227
2019-05-22 03:00:00,110.53,110.503,110.557,110.48,5734,0.07699999999999818,-0.027000000000001023
2019-05-22 04:00:00,110.503,110.448,110.512,110.381,7759,0.13100000000000023,-0.05500000000000682
2019-05-22 05:00:00,110.448,110.447,110.466,110.41,6564,0.055999999999997385,-0.000999999999990564
2019-05-22 06:00:00,110.447,110.42,110.496,110.391,8942,0.10499999999998977,-0.027000000000001023
2019-05-22 07:00:00,110.42,110.364,110.423,110.356,12005,0.06700000000000728,-0.055999999999997385
2019-05-22 08:00:00,110.364,110.414,110.451,110.36,9018,0.09099999999999397,0.04999999999999716
2019-05-22 09:00:00,110.414,110.451,110.478,110.405,8986,0.07299999999999329,0.03699999999999193
2019-05-22 10:00:00,110.451,110.451,110.478,110.426,5057,0.0519999999999925,0.0
2019-05-22 11:00:00,110.451,110.366,110.451,110.359,9285,0.09199999999999875,-0.08499999999999375
2019-05-22 12:00:00,110.366,110.369,110.385,110.28,16574,0.10500000000000398,0.0030000000000001137
2019-05-22 13:00:00,110.369,110.361,110.407,110.31,11747,0.0969999999999942,-0.007999999999995566
2019-05-22 14:00:00,110.361,110.323,110.428,110.285,13652,0.14300000000000068,-0.038000000000010914
2019-05-22 15:00:00,110.323,110.278,110.347,110.25,9628,0.0969999999999942,-0.044999999999987494
2019-05-22 16:00:00,110.278,110.245,110.29,110.241,6848,0.049000000000006594,-0.03300000000000125
2019-05-22 17:00:00,110.245,110.274,110.297,110.239,5262,0.057999999999992724,0.028999999999996362
2019-05-22 18:00:00,110.274,110.281,110.311,110.234,9189,0.07700000000001239,0.007000000000005002
2019-05-22 19:00:00,110.281,110.329,110.35,110.277,7689,0.07299999999999329,0.04799999999998761
2019-05-22 20:00:00,110.329,110.346,110.352,110.314,3024,0.038000000000010914,0.017000000000010118
2019-05-22 21:00:00,110.346,110.322,110.346,110.271,21666,0.07500000000000284,-0.02400000000000091
2019-05-22 22:00:00,110.322,110.298,110.328,110.291,2584,0.03700000000000614,-0.02400000000000091
2019-05-22 23:00:00,110.298,110.212,110.302,110.201,4919,0.1010000000000133,-0.08599999999999852
2019-05-23 00:00:00,110.212,110.206,110.24,110.167,8276,0.07299999999999329,-0.006000000000000227
2019-05-23 01:00:00,110.206,110.21,110.218,110.12,8568,0.09799999999999898,0.003999999999990678
2019-05-23 02:00:00,110.21,110.266,110.292,110.173,7595,0.11899999999999977,0.056000000000011596
2019-05-23 03:00:00,110.266,110.334,110.359,110.233,5408,0.12599999999999056,0.06799999999999784
2019-05-23 04:00:00,110.334,110.326,110.337,110.302,3116,0.03499999999999659,-0.008000000000009777
2019-05-23 05:00:00,110.326,110.288,110.338,110.271,4108,0.06699999999999307,-0.0379999999999967
2019-05-23 06:00:00,110.288,110.244,110.329,110.218,8856,0.11099999999999,-0.04399999999999693
2019-05-23 07:00:00,110.244,110.292,110.296,110.16,14753,0.1360000000000099,0.04800000000000182
2019-05-23 08:00:00,110.292,110.136,110.298,110.095,13219,0.20300000000000296,-0.1560000000000059
2019-05-23 09:00:00,110.136,110.049,110.167,110.045,8695,0.12199999999999989,-0.08699999999998909
2019-05-23 10:00:00,110.049,110.035,110.082,109.977,8679,0.10499999999998977,-0.014000000000010004
2019-05-23 11:00:00,110.035,110.093,110.138,110.035,8917,0.10300000000000864,0.058000000000006935
2019-05-23 12:00:00,110.093,109.986,110.104,109.946,12865,0.15800000000000125,-0.10699999999999932
2019-05-23 13:00:00,109.986,109.808,110.084,109.776,19770,0.30800000000000693,-0.17799999999999727
2019-05-23 14:00:00,109.808,109.73,109.843,109.658,24048,0.18500000000000227,-0.07800000000000296
2019-05-23 15:00:00,109.73,109.573,109.757,109.561,16757,0.19599999999999795,-0.1570000000000107
2019-05-23 16:00:00,109.573,109.509,109.651,109.501,16181,0.14999999999999147,-0.06399999999999295
2019-05-23 17:00:00,109.509,109.576,109.597,109.495,11661,0.10199999999998965,0.06699999999999307
2019-05-23 18:00:00,109.576,109.481,109.607,109.452,10320,0.15500000000000114,-0.09499999999999886
2019-05-23 19:00:00,109.481,109.597,109.612,109.453,16807,0.15899999999999181,0.11599999999999966
2019-05-23 20:00:00,109.597,109.6,109.605,109.527,3342,0.07800000000000296,0.0030000000000001137
2019-05-23 21:00:00,109.6,109.609,109.619,109.549,13920,0.06999999999999318,0.009000000000000341
2019-05-23 22:00:00,109.609,109.497,109.626,109.472,4948,0.15400000000001057,-0.11199999999999477
2019-05-23 23:00:00,109.497,109.552,109.573,109.488,4460,0.08499999999999375,0.05500000000000682
2019-05-24 00:00:00,109.552,109.687,109.713,109.545,10246,0.16799999999999216,0.1349999999999909
2019-05-24 01:00:00,109.687,109.659,109.739,109.652,9515,0.0870000000000033,-0.027999999999991587
2019-05-24 02:00:00,109.659,109.606,109.661,109.595,6176,0.0660000000000025,-0.05300000000001148
2019-05-24 03:00:00,109.531,109.578,109.611,109.503,5302,0.10800000000000409,0.046999999999997044
2019-05-24 04:00:00,109.578,109.573,109.63,109.569,9578,0.06099999999999284,-0.005000000000009663
2019-05-24 05:00:00,109.573,109.609,109.623,109.555,4288,0.06799999999999784,0.036000000000001364
2019-05-24 06:00:00,109.609,109.519,109.619,109.48,9168,0.1389999999999958,-0.0899999999999892
2019-05-24 07:00:00,109.519,109.524,109.576,109.45,11885,0.12599999999999056,0.0049999999999954525
2019-05-24 08:00:00,109.524,109.532,109.599,109.51,7810,0.08899999999999864,0.007999999999995566
2019-05-24 09:00:00,109.532,109.643,109.649,109.501,7137,0.14799999999999613,0.1110000000000042
2019-05-24 10:00:00,109.643,109.669,109.719,109.636,6102,0.08299999999999841,0.02599999999999625
2019-05-24 11:00:00,109.669,109.619,109.721,109.6,7593,0.12100000000000932,-0.04999999999999716
2019-05-24 12:00:00,109.619,109.513,109.619,109.492,12046,0.12699999999999534,-0.10599999999999454
2019-05-24 13:00:00,109.513,109.567,109.644,109.49,12977,0.15400000000001057,0.053999999999987836
2019-05-24 14:00:00,109.567,109.346,109.585,109.328,12338,0.2569999999999908,-0.22099999999998943
2019-05-24 15:00:00,109.346,109.37,109.398,109.267,11763,0.13100000000000023,0.02400000000000091
2019-05-24 16:00:00,109.37,109.37,109.42,109.328,8882,0.09199999999999875,0.0
2019-05-24 17:00:00,109.37,109.338,109.382,109.335,4625,0.047000000000011255,-0.03200000000001069
2019-05-24 18:00:00,109.338,109.322,109.347,109.313,3461,0.033999999999991815,-0.015999999999991132
2019-05-24 19:00:00,109.322,109.293,109.329,109.286,4816,0.042999999999992156,-0.028999999999996362
2019-05-24 20:00:00,109.293,109.27,109.298,109.269,3233,0.028999999999996362,-0.023000000000010346
2019-05-26 22:00:00,109.32,109.399,109.407,109.274,6676,0.13299999999999557,0.07900000000000773
2019-05-26 23:00:00,109.399,109.393,109.416,109.355,5491,0.06099999999999284,-0.006000000000000227
2019-05-27 00:00:00,109.393,109.474,109.506,109.352,8781,0.15399999999999636,0.08100000000000307
2019-05-27 01:00:00,109.474,109.418,109.475,109.398,7326,0.07699999999999818,-0.055999999999997385
2019-05-27 02:00:00,109.418,109.454,109.471,109.411,6245,0.060000000000002274,0.03599999999998715
2019-05-27 03:00:00,109.454,109.442,109.495,109.439,5002,0.056000000000011596,-0.012000000000000455
2019-05-27 04:00:00,109.442,109.478,109.49,109.442,3372,0.04800000000000182,0.036000000000001364
2019-05-27 05:00:00,109.479,109.47,109.495,109.455,5138,0.04000000000000625,-0.009000000000000341
2019-05-27 06:00:00,109.47,109.555,109.58,109.47,8171,0.10999999999999943,0.08500000000000796
2019-05-27 07:00:00,109.511,109.565,109.575,109.501,9885,0.07399999999999807,0.054000000000002046
