date,bidclose
2019-01-30 22:00:00,109.055
2019-01-30 23:00:00,108.971
2019-01-31 00:00:00,108.935
2019-01-31 01:00:00,108.914
2019-01-31 02:00:00,108.861
2019-01-31 03:00:00,108.878
2019-01-31 04:00:00,108.812
2019-01-31 05:00:00,108.731
2019-01-31 06:00:00,108.788
2019-01-31 07:00:00,108.73
2019-01-31 08:00:00,108.726
2019-01-31 09:00:00,108.556
2019-01-31 10:00:00,108.592
2019-01-31 11:00:00,108.634
2019-01-31 12:00:00,108.647
2019-01-31 13:00:00,108.559
2019-01-31 14:00:00,108.656
2019-01-31 15:00:00,108.827
2019-01-31 16:00:00,108.832
2019-01-31 17:00:00,108.814
2019-01-31 18:00:00,108.864
2019-01-31 19:00:00,108.871
2019-01-31 20:00:00,108.911
2019-01-31 21:00:00,108.843
2019-01-31 22:00:00,108.831
2019-01-31 23:00:00,108.84
2019-02-01 00:00:00,108.823
2019-02-01 01:00:00,108.789
2019-02-01 02:00:00,108.913
2019-02-01 03:00:00,108.845
2019-02-01 04:00:00,108.855
2019-02-01 05:00:00,108.886
2019-02-01 06:00:00,108.869
2019-02-01 07:00:00,108.929
2019-02-01 08:00:00,108.93
2019-02-01 09:00:00,108.909
2019-02-01 10:00:00,108.879
2019-02-01 11:00:00,108.88
2019-02-01 12:00:00,108.895
2019-02-01 13:00:00,108.975
2019-02-01 14:00:00,109.105
2019-02-01 15:00:00,109.355
2019-02-01 16:00:00,109.54
2019-02-01 17:00:00,109.552
2019-02-01 18:00:00,109.52
2019-02-01 19:00:00,109.515
2019-02-01 20:00:00,109.505
2019-02-01 21:00:00,109.52
2019-02-03 19:00:00,109.477
2019-02-03 20:00:00,109.492
2019-02-03 21:00:00,109.498
2019-02-03 22:00:00,109.473
2019-02-03 23:00:00,109.437
2019-02-04 00:00:00,109.55
2019-02-04 01:00:00,109.537
2019-02-04 02:00:00,109.557
2019-02-04 03:00:00,109.611
2019-02-04 04:00:00,109.757
2019-02-04 05:00:00,109.743
2019-02-04 06:00:00,109.769
2019-02-04 07:00:00,109.827
2019-02-04 08:00:00,109.843
2019-02-04 09:00:00,109.874
2019-02-04 10:00:00,109.875
2019-02-04 11:00:00,109.865
2019-02-04 12:00:00,109.867
2019-02-04 13:00:00,109.99
2019-02-04 14:00:00,110.118
2019-02-04 15:00:00,110.04
2019-02-04 16:00:00,109.952
2019-02-04 17:00:00,109.901
2019-02-04 18:00:00,109.858
2019-02-04 19:00:00,109.913
2019-02-04 20:00:00,109.928
2019-02-04 21:00:00,109.876
2019-02-04 22:00:00,109.899
2019-02-04 23:00:00,109.971
2019-02-05 00:00:00,109.991
2019-02-05 01:00:00,110.025
2019-02-05 02:00:00,109.969
2019-02-05 03:00:00,109.95
2019-02-05 04:00:00,109.886
2019-02-05 05:00:00,109.814
2019-02-05 06:00:00,109.898
2019-02-05 07:00:00,109.85
2019-02-05 08:00:00,109.883
2019-02-05 09:00:00,109.995
2019-02-05 10:00:00,109.934
2019-02-05 11:00:00,109.928
2019-02-05 12:00:00,109.949
2019-02-05 13:00:00,109.873
2019-02-05 14:00:00,109.941
2019-02-05 15:00:00,109.894
2019-02-05 16:00:00,109.982
2019-02-05 17:00:00,109.913
2019-02-05 18:00:00,109.944
2019-02-05 19:00:00,109.972
2019-02-05 20:00:00,109.939
2019-02-05 21:00:00,109.954
2019-02-05 22:00:00,109.941
2019-02-05 23:00:00,109.937
2019-02-06 00:00:00,109.836
2019-02-06 01:00:00,109.983
2019-02-06 02:00:00,109.693
2019-02-06 03:00:00,109.789
2019-02-06 04:00:00,109.753
2019-02-06 05:00:00,109.749
2019-02-06 06:00:00,109.801
2019-02-06 07:00:00,109.653
2019-02-06 08:00:00,109.59
2019-02-06 09:00:00,109.652
2019-02-06 10:00:00,109.667
2019-02-06 11:00:00,109.75
2019-02-06 12:00:00,109.742
2019-02-06 13:00:00,109.785
2019-02-06 14:00:00,109.731
2019-02-06 15:00:00,109.811
2019-02-06 16:00:00,109.745
2019-02-06 17:00:00,109.744
2019-02-06 18:00:00,109.945
2019-02-06 19:00:00,109.967
2019-02-06 20:00:00,109.943
2019-02-06 21:00:00,109.958
2019-02-06 22:00:00,109.924
2019-02-06 23:00:00,109.982
2019-02-07 00:00:00,109.882
2019-02-07 01:00:00,109.811
2019-02-07 02:00:00,109.864
2019-02-07 03:00:00,109.886
2019-02-07 04:00:00,109.917
2019-02-07 05:00:00,109.943
2019-02-07 06:00:00,109.952
2019-02-07 07:00:00,109.916
2019-02-07 08:00:00,110.015
2019-02-07 09:00:00,110.006
2019-02-07 10:00:00,109.855
2019-02-07 11:00:00,109.816
2019-02-07 12:00:00,109.651
2019-02-07 13:00:00,109.759
2019-02-07 14:00:00,109.757
2019-02-07 15:00:00,109.742
2019-02-07 16:00:00,109.714
2019-02-07 17:00:00,109.788
2019-02-07 18:00:00,109.835
2019-02-07 19:00:00,109.831
2019-02-07 20:00:00,109.846
2019-02-07 21:00:00,109.797
2019-02-07 22:00:00,109.765
2019-02-07 23:00:00,109.749
2019-02-08 00:00:00,109.732
2019-02-08 01:00:00,109.722
2019-02-08 02:00:00,109.757
2019-02-08 03:00:00,109.772
2019-02-08 04:00:00,109.707
2019-02-08 05:00:00,109.735
2019-02-08 06:00:00,109.721
2019-02-08 07:00:00,109.742
2019-02-08 08:00:00,109.785
2019-02-08 09:00:00,109.831
2019-02-08 10:00:00,109.846
2019-02-08 11:00:00,109.815
2019-02-08 12:00:00,109.755
2019-02-08 13:00:00,109.814
2019-02-08 14:00:00,109.727
2019-02-08 15:00:00,109.721
2019-02-08 16:00:00,109.757
2019-02-08 17:00:00,109.715
2019-02-08 18:00:00,109.779
2019-02-08 19:00:00,109.766
2019-02-08 20:00:00,109.791
2019-02-08 21:00:00,109.721
2019-02-10 19:00:00,109.684
2019-02-10 20:00:00,109.713
2019-02-10 21:00:00,109.729
2019-02-10 22:00:00,109.794
2019-02-10 23:00:00,109.808
2019-02-11 00:00:00,109.823
2019-02-11 01:00:00,109.797
2019-02-11 02:00:00,109.891
2019-02-11 03:00:00,109.963
2019-02-11 04:00:00,109.991
2019-02-11 05:00:00,109.977
2019-02-11 06:00:00,109.97
2019-02-11 07:00:00,109.974
2019-02-11 08:00:00,110.083
2019-02-11 09:00:00,110.245
2019-02-11 10:00:00,110.182
2019-02-11 11:00:00,110.116
2019-02-11 12:00:00,110.214
2019-02-11 13:00:00,110.358
2019-02-11 14:00:00,110.401
2019-02-11 15:00:00,110.387
2019-02-11 16:00:00,110.401
2019-02-11 17:00:00,110.448
2019-02-11 18:00:00,110.426
2019-02-11 19:00:00,110.393
2019-02-11 20:00:00,110.391
2019-02-11 21:00:00,110.361
2019-02-11 22:00:00,110.381
2019-02-11 23:00:00,110.388
2019-02-12 00:00:00,110.502
2019-02-12 01:00:00,110.436
2019-02-12 02:00:00,110.47
2019-02-12 03:00:00,110.642
2019-02-12 04:00:00,110.587
2019-02-12 05:00:00,110.568
2019-02-12 06:00:00,110.524
2019-02-12 07:00:00,110.612
2019-02-12 08:00:00,110.614
2019-02-12 09:00:00,110.543
2019-02-12 10:00:00,110.48
2019-02-12 11:00:00,110.527
2019-02-12 12:00:00,110.399
2019-02-12 13:00:00,110.428
2019-02-12 14:00:00,110.463
2019-02-12 15:00:00,110.505
2019-02-12 16:00:00,110.502
2019-02-12 17:00:00,110.51
2019-02-12 18:00:00,110.516
2019-02-12 19:00:00,110.506
2019-02-12 20:00:00,110.467
2019-02-12 21:00:00,110.458
2019-02-12 22:00:00,110.458
2019-02-12 23:00:00,110.508
2019-02-13 00:00:00,110.531
2019-02-13 01:00:00,110.58
2019-02-13 02:00:00,110.613
2019-02-13 03:00:00,110.643
2019-02-13 04:00:00,110.594
2019-02-13 05:00:00,110.623
2019-02-13 06:00:00,110.617
2019-02-13 07:00:00,110.681
2019-02-13 08:00:00,110.667
2019-02-13 09:00:00,110.681
2019-02-13 10:00:00,110.689
2019-02-13 11:00:00,110.616
2019-02-13 12:00:00,110.724
2019-02-13 13:00:00,110.846
2019-02-13 14:00:00,110.805
2019-02-13 15:00:00,110.869
2019-02-13 16:00:00,110.848
2019-02-13 17:00:00,110.883
2019-02-13 18:00:00,110.925
2019-02-13 19:00:00,110.986
2019-02-13 20:00:00,110.992
2019-02-13 21:00:00,110.996
2019-02-13 22:00:00,111.025
2019-02-13 23:00:00,110.925
2019-02-14 00:00:00,110.934
2019-02-14 01:00:00,110.967
2019-02-14 02:00:00,110.958
2019-02-14 03:00:00,111.063
2019-02-14 04:00:00,111.02
2019-02-14 05:00:00,111.021
2019-02-14 06:00:00,111.038
2019-02-14 07:00:00,111.06
2019-02-14 08:00:00,111.056
2019-02-14 09:00:00,110.99
2019-02-14 10:00:00,111.037
2019-02-14 11:00:00,111.047
2019-02-14 12:00:00,111.031
2019-02-14 13:00:00,110.6
2019-02-14 14:00:00,110.609
2019-02-14 15:00:00,110.697
2019-02-14 16:00:00,110.677
2019-02-14 17:00:00,110.583
2019-02-14 18:00:00,110.613
2019-02-14 19:00:00,110.477
2019-02-14 20:00:00,110.512
2019-02-14 21:00:00,110.461
2019-02-14 22:00:00,110.481
2019-02-14 23:00:00,110.535
2019-02-15 00:00:00,110.372
2019-02-15 01:00:00,110.321
2019-02-15 02:00:00,110.266
2019-02-15 03:00:00,110.304
2019-02-15 04:00:00,110.295
2019-02-15 05:00:00,110.331
2019-02-15 06:00:00,110.392
2019-02-15 07:00:00,110.31
2019-02-15 08:00:00,110.339
2019-02-15 09:00:00,110.394
2019-02-15 10:00:00,110.45
2019-02-15 11:00:00,110.411
2019-02-15 12:00:00,110.51
2019-02-15 13:00:00,110.563
2019-02-15 14:00:00,110.416
2019-02-15 15:00:00,110.528
2019-02-15 16:00:00,110.541
2019-02-15 17:00:00,110.554
2019-02-15 18:00:00,110.431
2019-02-15 19:00:00,110.444
2019-02-15 20:00:00,110.399
2019-02-15 21:00:00,110.45
2019-02-17 19:00:00,110.402
2019-02-17 20:00:00,110.415
2019-02-17 21:00:00,110.445
2019-02-17 22:00:00,110.492
2019-02-17 23:00:00,110.568
2019-02-18 00:00:00,110.515
2019-02-18 01:00:00,110.516
2019-02-18 02:00:00,110.526
2019-02-18 03:00:00,110.501
2019-02-18 04:00:00,110.537
2019-02-18 05:00:00,110.525
2019-02-18 06:00:00,110.549
2019-02-18 07:00:00,110.548
2019-02-18 08:00:00,110.573
2019-02-18 09:00:00,110.536
2019-02-18 10:00:00,110.542
2019-02-18 11:00:00,110.517
2019-02-18 12:00:00,110.533
2019-02-18 13:00:00,110.585
2019-02-18 14:00:00,110.581
2019-02-18 15:00:00,110.588
2019-02-18 16:00:00,110.58
2019-02-18 17:00:00,110.555
2019-02-18 18:00:00,110.578
2019-02-18 19:00:00,110.576
2019-02-18 20:00:00,110.578
2019-02-18 21:00:00,110.586
2019-02-18 22:00:00,110.605
2019-02-18 23:00:00,110.59
2019-02-19 00:00:00,110.528
2019-02-19 01:00:00,110.51
2019-02-19 02:00:00,110.511
2019-02-19 03:00:00,110.475
2019-02-19 04:00:00,110.649
2019-02-19 05:00:00,110.614
2019-02-19 06:00:00,110.676
2019-02-19 07:00:00,110.653
2019-02-19 08:00:00,110.788
2019-02-19 09:00:00,110.762
2019-02-19 10:00:00,110.807
2019-02-19 11:00:00,110.769
2019-02-19 12:00:00,110.758
2019-02-19 13:00:00,110.651
2019-02-19 14:00:00,110.634
2019-02-19 15:00:00,110.547
2019-02-19 16:00:00,110.671
2019-02-19 17:00:00,110.512
2019-02-19 18:00:00,110.552
2019-02-19 19:00:00,110.655
2019-02-19 20:00:00,110.601
2019-02-19 21:00:00,110.61
2019-02-19 22:00:00,110.577
2019-02-19 23:00:00,110.575
2019-02-20 00:00:00,110.745
2019-02-20 01:00:00,110.854
2019-02-20 02:00:00,110.845
2019-02-20 03:00:00,110.766
2019-02-20 04:00:00,110.803
2019-02-20 05:00:00,110.867
2019-02-20 06:00:00,110.836
2019-02-20 07:00:00,110.886
2019-02-20 08:00:00,110.841
2019-02-20 09:00:00,110.78
2019-02-20 10:00:00,110.774
2019-02-20 11:00:00,110.83
2019-02-20 12:00:00,110.752
2019-02-20 13:00:00,110.791
2019-02-20 14:00:00,110.851
2019-02-20 15:00:00,110.749
2019-02-20 16:00:00,110.69
2019-02-20 17:00:00,110.662
2019-02-20 18:00:00,110.662
2019-02-20 19:00:00,110.819
2019-02-20 20:00:00,110.835
2019-02-20 21:00:00,110.837
2019-02-20 22:00:00,110.795
2019-02-20 23:00:00,110.744
2019-02-21 00:00:00,110.669
2019-02-21 01:00:00,110.699
2019-02-21 02:00:00,110.843
2019-02-21 03:00:00,110.806
2019-02-21 04:00:00,110.785
2019-02-21 05:00:00,110.719
2019-02-21 06:00:00,110.765
2019-02-21 07:00:00,110.756
2019-02-21 08:00:00,110.738
2019-02-21 09:00:00,110.696
2019-02-21 10:00:00,110.73
2019-02-21 11:00:00,110.742
2019-02-21 12:00:00,110.702
2019-02-21 13:00:00,110.635
2019-02-21 14:00:00,110.66
2019-02-21 15:00:00,110.655
2019-02-21 16:00:00,110.711
2019-02-21 17:00:00,110.795
2019-02-21 18:00:00,110.763
2019-02-21 19:00:00,110.658
2019-02-21 20:00:00,110.696
2019-02-21 21:00:00,110.688
2019-02-21 22:00:00,110.656
2019-02-21 23:00:00,110.699
2019-02-22 00:00:00,110.706
2019-02-22 01:00:00,110.699
2019-02-22 02:00:00,110.739
2019-02-22 03:00:00,110.733
2019-02-22 04:00:00,110.775
2019-02-22 05:00:00,110.752
2019-02-22 06:00:00,110.751
2019-02-22 07:00:00,110.736
2019-02-22 08:00:00,110.769
2019-02-22 09:00:00,110.83
2019-02-22 10:00:00,110.863
2019-02-22 11:00:00,110.862
2019-02-22 12:00:00,110.854
2019-02-22 13:00:00,110.685
2019-02-22 14:00:00,110.684
2019-02-22 15:00:00,110.75
2019-02-22 16:00:00,110.699
2019-02-22 17:00:00,110.572
2019-02-22 18:00:00,110.65
2019-02-22 19:00:00,110.691
2019-02-22 20:00:00,110.67
2019-02-22 21:00:00,110.636
2019-02-24 21:00:00,110.642
2019-02-24 22:00:00,110.753
2019-02-24 23:00:00,110.769
2019-02-25 00:00:00,110.752
2019-02-25 01:00:00,110.682
2019-02-25 02:00:00,110.604
2019-02-25 03:00:00,110.637
2019-02-25 04:00:00,110.667
2019-02-25 05:00:00,110.624
2019-02-25 06:00:00,110.601
2019-02-25 07:00:00,110.617
2019-02-25 08:00:00,110.677
2019-02-25 09:00:00,110.684
2019-02-25 10:00:00,110.725
2019-02-25 11:00:00,110.725
2019-02-25 12:00:00,110.723
2019-02-25 13:00:00,110.803
2019-02-25 14:00:00,110.821
2019-02-25 15:00:00,110.857
2019-02-25 16:00:00,111.069
2019-02-25 17:00:00,111.184
2019-02-25 18:00:00,111.091
2019-02-25 19:00:00,111.13
2019-02-25 20:00:00,111.027
2019-02-25 21:00:00,111.05
2019-02-25 22:00:00,111.06
2019-02-25 23:00:00,111.035
2019-02-26 00:00:00,111.001
2019-02-26 01:00:00,110.867
2019-02-26 02:00:00,110.78
2019-02-26 03:00:00,110.788
2019-02-26 04:00:00,110.805
2019-02-26 05:00:00,110.781
2019-02-26 06:00:00,110.814
2019-02-26 07:00:00,110.826
2019-02-26 08:00:00,110.832
2019-02-26 09:00:00,110.832
2019-02-26 10:00:00,110.867
2019-02-26 11:00:00,110.872
2019-02-26 12:00:00,110.875
2019-02-26 13:00:00,110.678
2019-02-26 14:00:00,110.74
2019-02-26 15:00:00,110.726
2019-02-26 16:00:00,110.762
2019-02-26 17:00:00,110.714
2019-02-26 18:00:00,110.679
2019-02-26 19:00:00,110.5
2019-02-26 20:00:00,110.559
2019-02-26 21:00:00,110.57
2019-02-26 22:00:00,110.556
2019-02-26 23:00:00,110.547
2019-02-27 00:00:00,110.527
2019-02-27 01:00:00,110.563
2019-02-27 02:00:00,110.573
2019-02-27 03:00:00,110.595
2019-02-27 04:00:00,110.587
2019-02-27 05:00:00,110.564
2019-02-27 06:00:00,110.482
2019-02-27 07:00:00,110.372
2019-02-27 08:00:00,110.386
2019-02-27 09:00:00,110.42
2019-02-27 10:00:00,110.433
2019-02-27 11:00:00,110.47
2019-02-27 12:00:00,110.552
2019-02-27 13:00:00,110.687
2019-02-27 14:00:00,110.815
2019-02-27 15:00:00,110.887
2019-02-27 16:00:00,110.923
2019-02-27 17:00:00,110.939
2019-02-27 18:00:00,110.95
2019-02-27 19:00:00,111.029
2019-02-27 20:00:00,110.985
2019-02-27 21:00:00,110.984
2019-02-27 22:00:00,110.939
2019-02-27 23:00:00,110.857
2019-02-28 00:00:00,110.839
2019-02-28 01:00:00,110.888
2019-02-28 02:00:00,110.865
2019-02-28 03:00:00,110.881
2019-02-28 04:00:00,110.875
2019-02-28 05:00:00,110.801
2019-02-28 06:00:00,110.77
2019-02-28 07:00:00,110.752
2019-02-28 08:00:00,110.796
2019-02-28 09:00:00,110.783
2019-02-28 10:00:00,110.749
2019-02-28 11:00:00,110.786
2019-02-28 12:00:00,110.808
2019-02-28 13:00:00,111.089
2019-02-28 14:00:00,111.252
2019-02-28 15:00:00,111.292
2019-02-28 16:00:00,111.379
2019-02-28 17:00:00,111.321
2019-02-28 18:00:00,111.346
2019-02-28 19:00:00,111.402
2019-02-28 20:00:00,111.458
2019-02-28 21:00:00,111.376
2019-02-28 22:00:00,111.376
2019-02-28 23:00:00,111.355
2019-03-01 00:00:00,111.53
2019-03-01 01:00:00,111.641
2019-03-01 02:00:00,111.75
2019-03-01 03:00:00,111.664
2019-03-01 04:00:00,111.656
2019-03-01 05:00:00,111.707
2019-03-01 06:00:00,111.82
2019-03-01 07:00:00,111.812
2019-03-01 08:00:00,111.899
2019-03-01 09:00:00,111.902
2019-03-01 10:00:00,111.853
2019-03-01 11:00:00,111.814
2019-03-01 12:00:00,111.842
2019-03-01 13:00:00,111.845
2019-03-01 14:00:00,111.867
2019-03-01 15:00:00,111.893
2019-03-01 16:00:00,111.891
2019-03-01 17:00:00,111.963
2019-03-01 18:00:00,111.955
2019-03-01 19:00:00,111.999
2019-03-01 20:00:00,111.971
2019-03-01 21:00:00,111.892
2019-03-03 19:00:00,111.761
2019-03-03 20:00:00,111.855
2019-03-03 21:00:00,111.842
2019-03-03 22:00:00,111.812
2019-03-03 23:00:00,111.929
2019-03-04 00:00:00,111.973
2019-03-04 01:00:00,111.986
2019-03-04 02:00:00,111.979
2019-03-04 03:00:00,111.984
2019-03-04 04:00:00,111.955
2019-03-04 05:00:00,111.957
2019-03-04 06:00:00,111.951
2019-03-04 07:00:00,111.899
2019-03-04 08:00:00,111.866
2019-03-04 09:00:00,111.843
2019-03-04 10:00:00,111.854
2019-03-04 11:00:00,111.871
2019-03-04 12:00:00,111.944
2019-03-04 13:00:00,111.914
2019-03-04 14:00:00,111.945
2019-03-04 15:00:00,111.836
2019-03-04 16:00:00,111.68
2019-03-04 17:00:00,111.709
2019-03-04 18:00:00,111.737
2019-03-04 19:00:00,111.736
2019-03-04 20:00:00,111.692
2019-03-04 21:00:00,111.733
2019-03-04 22:00:00,111.737
2019-03-04 23:00:00,111.774
2019-03-05 00:00:00,111.836
2019-03-05 01:00:00,111.815
2019-03-05 02:00:00,111.88
2019-03-05 03:00:00,111.883
2019-03-05 04:00:00,111.887
2019-03-05 05:00:00,111.903
2019-03-05 06:00:00,111.914
2019-03-05 07:00:00,111.878
2019-03-05 08:00:00,111.93
2019-03-05 09:00:00,111.959
2019-03-05 10:00:00,111.947
2019-03-05 11:00:00,111.96
2019-03-05 12:00:00,111.913
2019-03-05 13:00:00,111.898
2019-03-05 14:00:00,111.824
2019-03-05 15:00:00,111.88
2019-03-05 16:00:00,111.981
2019-03-05 17:00:00,111.917
2019-03-05 18:00:00,111.846
2019-03-05 19:00:00,111.884
2019-03-05 20:00:00,111.864
2019-03-05 21:00:00,111.876
2019-03-05 22:00:00,111.882
2019-03-05 23:00:00,111.863
2019-03-06 00:00:00,111.781
2019-03-06 01:00:00,111.746
2019-03-06 02:00:00,111.781
2019-03-06 03:00:00,111.749
2019-03-06 04:00:00,111.76
2019-03-06 05:00:00,111.8
2019-03-06 06:00:00,111.807
2019-03-06 07:00:00,111.785
2019-03-06 08:00:00,111.815
2019-03-06 09:00:00,111.857
2019-03-06 10:00:00,111.87
2019-03-06 11:00:00,111.866
2019-03-06 12:00:00,111.792
2019-03-06 13:00:00,111.792
2019-03-06 14:00:00,111.721
2019-03-06 15:00:00,111.723
2019-03-06 16:00:00,111.662
2019-03-06 17:00:00,111.687
2019-03-06 18:00:00,111.747
2019-03-06 19:00:00,111.794
2019-03-06 20:00:00,111.748
2019-03-06 21:00:00,111.762
2019-03-06 22:00:00,111.694
2019-03-06 23:00:00,111.618
2019-03-07 00:00:00,111.617
2019-03-07 01:00:00,111.624
2019-03-07 02:00:00,111.661
2019-03-07 03:00:00,111.71
2019-03-07 04:00:00,111.674
2019-03-07 05:00:00,111.699
2019-03-07 06:00:00,111.741
2019-03-07 07:00:00,111.779
2019-03-07 08:00:00,111.717
2019-03-07 09:00:00,111.697
2019-03-07 10:00:00,111.651
2019-03-07 11:00:00,111.691
2019-03-07 12:00:00,111.735
2019-03-07 13:00:00,111.715
2019-03-07 14:00:00,111.581
2019-03-07 15:00:00,111.527
2019-03-07 16:00:00,111.597
2019-03-07 17:00:00,111.619
2019-03-07 18:00:00,111.52
2019-03-07 19:00:00,111.515
2019-03-07 20:00:00,111.621
2019-03-07 21:00:00,111.562
2019-03-07 22:00:00,111.606
2019-03-07 23:00:00,111.637
2019-03-08 00:00:00,111.469
2019-03-08 01:00:00,111.48
2019-03-08 02:00:00,111.491
2019-03-08 03:00:00,111.389
2019-03-08 04:00:00,111.235
2019-03-08 05:00:00,111.072
2019-03-08 06:00:00,111.078
2019-03-08 07:00:00,110.978
2019-03-08 08:00:00,111.014
2019-03-08 09:00:00,111.094
2019-03-08 10:00:00,111.161
2019-03-08 11:00:00,111.171
2019-03-08 12:00:00,111.124
2019-03-08 13:00:00,110.944
2019-03-08 14:00:00,111.061
2019-03-08 15:00:00,111.132
2019-03-08 16:00:00,111.107
2019-03-08 17:00:00,111.035
2019-03-08 18:00:00,111.075
2019-03-08 19:00:00,111.077
2019-03-08 20:00:00,111.124
2019-03-08 21:00:00,111.148
2019-03-10 18:00:00,111.089
2019-03-10 19:00:00,111.004
2019-03-10 20:00:00,110.99
2019-03-10 21:00:00,111.115
2019-03-10 22:00:00,111.084
2019-03-10 23:00:00,111.076
2019-03-11 00:00:00,110.88
2019-03-11 01:00:00,111.091
2019-03-11 02:00:00,111.09
2019-03-11 03:00:00,111.104
2019-03-11 04:00:00,111.111
2019-03-11 05:00:00,111.109
2019-03-11 06:00:00,111.171
2019-03-11 07:00:00,111.273
2019-03-11 08:00:00,111.216
2019-03-11 09:00:00,111.214
2019-03-11 10:00:00,111.244
2019-03-11 11:00:00,111.156
2019-03-11 12:00:00,111.119
2019-03-11 13:00:00,111.086
2019-03-11 14:00:00,111.197
2019-03-11 15:00:00,111.211
2019-03-11 16:00:00,111.235
2019-03-11 17:00:00,111.218
2019-03-11 18:00:00,111.218
2019-03-11 19:00:00,111.227
2019-03-11 20:00:00,111.188
2019-03-11 21:00:00,111.207
2019-03-11 22:00:00,111.321
2019-03-11 23:00:00,111.324
2019-03-12 00:00:00,111.417
2019-03-12 01:00:00,111.39
2019-03-12 02:00:00,111.359
2019-03-12 03:00:00,111.404
2019-03-12 04:00:00,111.341
2019-03-12 05:00:00,111.305
2019-03-12 06:00:00,111.318
2019-03-12 07:00:00,111.362
2019-03-12 08:00:00,111.401
2019-03-12 09:00:00,111.37
2019-03-12 10:00:00,111.337
2019-03-12 11:00:00,111.27
2019-03-12 12:00:00,111.191
2019-03-12 13:00:00,111.157
2019-03-12 14:00:00,111.246
2019-03-12 15:00:00,111.374
2019-03-12 16:00:00,111.361
2019-03-12 17:00:00,111.302
2019-03-12 18:00:00,111.272
2019-03-12 19:00:00,111.306
2019-03-12 20:00:00,111.339
2019-03-12 21:00:00,111.337
2019-03-12 22:00:00,111.308
2019-03-12 23:00:00,111.309
2019-03-13 00:00:00,111.296
2019-03-13 01:00:00,111.179
2019-03-13 02:00:00,111.19
2019-03-13 03:00:00,111.244
2019-03-13 04:00:00,111.287
2019-03-13 05:00:00,111.314
2019-03-13 06:00:00,111.309
2019-03-13 07:00:00,111.315
2019-03-13 08:00:00,111.332
2019-03-13 09:00:00,111.309
2019-03-13 10:00:00,111.346
2019-03-13 11:00:00,111.388
2019-03-13 12:00:00,111.387
2019-03-13 13:00:00,111.336
2019-03-13 14:00:00,111.331
2019-03-13 15:00:00,111.226
2019-03-13 16:00:00,111.241
2019-03-13 17:00:00,111.228
2019-03-13 18:00:00,111.026
2019-03-13 19:00:00,111.119
2019-03-13 20:00:00,111.144
2019-03-13 21:00:00,111.27
2019-03-13 22:00:00,111.249
2019-03-13 23:00:00,111.205
2019-03-14 00:00:00,111.209
2019-03-14 01:00:00,111.437
2019-03-14 02:00:00,111.449
2019-03-14 03:00:00,111.521
2019-03-14 04:00:00,111.588
2019-03-14 05:00:00,111.566
2019-03-14 06:00:00,111.559
2019-03-14 07:00:00,111.584
2019-03-14 08:00:00,111.68
2019-03-14 09:00:00,111.722
2019-03-14 10:00:00,111.607
2019-03-14 11:00:00,111.586
2019-03-14 12:00:00,111.643
2019-03-14 13:00:00,111.556
2019-03-14 14:00:00,111.601
2019-03-14 15:00:00,111.711
2019-03-14 16:00:00,111.725
2019-03-14 17:00:00,111.734
2019-03-14 18:00:00,111.736
2019-03-14 19:00:00,111.7
2019-03-14 20:00:00,111.676
2019-03-14 21:00:00,111.648
2019-03-14 22:00:00,111.689
2019-03-14 23:00:00,111.748
2019-03-15 00:00:00,111.85
2019-03-15 01:00:00,111.846
2019-03-15 02:00:00,111.701
2019-03-15 03:00:00,111.643
2019-03-15 04:00:00,111.691
2019-03-15 05:00:00,111.654
2019-03-15 06:00:00,111.687
2019-03-15 07:00:00,111.654
2019-03-15 08:00:00,111.666
2019-03-15 09:00:00,111.644
2019-03-15 10:00:00,111.71
2019-03-15 11:00:00,111.686
2019-03-15 12:00:00,111.648
2019-03-15 13:00:00,111.473
2019-03-15 14:00:00,111.481
2019-03-15 15:00:00,111.569
2019-03-15 16:00:00,111.508
2019-03-15 17:00:00,111.487
2019-03-15 18:00:00,111.488
2019-03-15 19:00:00,111.49
2019-03-15 20:00:00,111.445
2019-03-17 18:00:00,111.417
2019-03-17 19:00:00,111.417
2019-03-17 20:00:00,111.444
2019-03-17 21:00:00,111.467
2019-03-17 22:00:00,111.482
2019-03-17 23:00:00,111.547
2019-03-18 00:00:00,111.543
2019-03-18 01:00:00,111.555
2019-03-18 02:00:00,111.594
2019-03-18 03:00:00,111.541
2019-03-18 04:00:00,111.525
2019-03-18 05:00:00,111.563
2019-03-18 06:00:00,111.545
2019-03-18 07:00:00,111.481
2019-03-18 08:00:00,111.521
2019-03-18 09:00:00,111.477
2019-03-18 10:00:00,111.476
2019-03-18 11:00:00,111.508
2019-03-18 12:00:00,111.521
2019-03-18 13:00:00,111.52
2019-03-18 14:00:00,111.532
2019-03-18 15:00:00,111.401
2019-03-18 16:00:00,111.378
2019-03-18 17:00:00,111.425
2019-03-18 18:00:00,111.393
2019-03-18 19:00:00,111.389
2019-03-18 20:00:00,111.424
2019-03-18 21:00:00,111.434
2019-03-18 22:00:00,111.396
2019-03-18 23:00:00,111.378
2019-03-19 00:00:00,111.292
2019-03-19 01:00:00,111.276
2019-03-19 02:00:00,111.185
2019-03-19 03:00:00,111.201
2019-03-19 04:00:00,111.269
2019-03-19 05:00:00,111.263
2019-03-19 06:00:00,111.287
2019-03-19 07:00:00,111.257
2019-03-19 08:00:00,111.268
2019-03-19 09:00:00,111.273
2019-03-19 10:00:00,111.21
2019-03-19 11:00:00,111.26
2019-03-19 12:00:00,111.42
2019-03-19 13:00:00,111.379
2019-03-19 14:00:00,111.368
2019-03-19 15:00:00,111.382
2019-03-19 16:00:00,111.36
2019-03-19 17:00:00,111.359
2019-03-19 18:00:00,111.404
2019-03-19 19:00:00,111.388
2019-03-19 20:00:00,111.387
2019-03-19 21:00:00,111.393
2019-03-19 22:00:00,111.361
2019-03-19 23:00:00,111.411
2019-03-20 00:00:00,111.609
2019-03-20 01:00:00,111.59
2019-03-20 02:00:00,111.619
2019-03-20 03:00:00,111.586
2019-03-20 04:00:00,111.58
2019-03-20 05:00:00,111.527
2019-03-20 06:00:00,111.546
2019-03-20 07:00:00,111.589
2019-03-20 08:00:00,111.592
2019-03-20 09:00:00,111.525
2019-03-20 10:00:00,111.502
2019-03-20 11:00:00,111.508
2019-03-20 12:00:00,111.457
2019-03-20 13:00:00,111.414
2019-03-20 14:00:00,111.409
2019-03-20 15:00:00,111.406
2019-03-20 16:00:00,111.479
2019-03-20 17:00:00,111.493
2019-03-20 18:00:00,110.597
2019-03-20 19:00:00,110.577
2019-03-20 20:00:00,110.681
2019-03-20 21:00:00,110.626
2019-03-20 22:00:00,110.719
2019-03-20 23:00:00,110.658
2019-03-21 00:00:00,110.664
2019-03-21 01:00:00,110.645
2019-03-21 02:00:00,110.548
2019-03-21 03:00:00,110.473
2019-03-21 04:00:00,110.488
2019-03-21 05:00:00,110.527
2019-03-21 06:00:00,110.437
2019-03-21 07:00:00,110.366
2019-03-21 08:00:00,110.446
2019-03-21 09:00:00,110.47
2019-03-21 10:00:00,110.627
2019-03-21 11:00:00,110.481
2019-03-21 12:00:00,110.535
2019-03-21 13:00:00,110.662
2019-03-21 14:00:00,110.865
2019-03-21 15:00:00,110.845
2019-03-21 16:00:00,110.775
2019-03-21 17:00:00,110.847
2019-03-21 18:00:00,110.768
2019-03-21 19:00:00,110.804
2019-03-21 20:00:00,110.795
2019-03-21 21:00:00,110.841
2019-03-21 22:00:00,110.784
2019-03-21 23:00:00,110.809
2019-03-22 00:00:00,110.746
2019-03-22 01:00:00,110.698
2019-03-22 02:00:00,110.732
2019-03-22 03:00:00,110.77
2019-03-22 04:00:00,110.771
2019-03-22 05:00:00,110.804
2019-03-22 06:00:00,110.796
2019-03-22 07:00:00,110.756
2019-03-22 08:00:00,110.512
2019-03-22 09:00:00,110.512
2019-03-22 10:00:00,110.458
2019-03-22 11:00:00,110.325
2019-03-22 12:00:00,110.214
2019-03-22 13:00:00,110.032
2019-03-22 14:00:00,109.894
2019-03-22 15:00:00,109.76
2019-03-22 16:00:00,109.927
2019-03-22 17:00:00,110.031
2019-03-22 18:00:00,110.066
2019-03-22 19:00:00,109.946
2019-03-22 20:00:00,109.897
2019-03-24 18:00:00,109.788
2019-03-24 19:00:00,109.906
2019-03-24 20:00:00,109.897
2019-03-24 21:00:00,110.001
2019-03-24 22:00:00,110.005
2019-03-24 23:00:00,110.087
2019-03-25 00:00:00,109.805
2019-03-25 01:00:00,109.831
2019-03-25 02:00:00,109.781
2019-03-25 03:00:00,109.845
2019-03-25 04:00:00,109.971
2019-03-25 05:00:00,109.975
2019-03-25 06:00:00,109.943
2019-03-25 07:00:00,110.047
2019-03-25 08:00:00,110.094
2019-03-25 09:00:00,110.207
2019-03-25 10:00:00,110.156
2019-03-25 11:00:00,110.151
2019-03-25 12:00:00,110.061
2019-03-25 13:00:00,109.964
2019-03-25 14:00:00,110.056
2019-03-25 15:00:00,110.085
2019-03-25 16:00:00,110.032
2019-03-25 17:00:00,109.802
2019-03-25 18:00:00,110.049
2019-03-25 19:00:00,109.964
2019-03-25 20:00:00,109.959
2019-03-25 21:00:00,109.971
2019-03-25 22:00:00,110.032
2019-03-25 23:00:00,110.051
2019-03-26 00:00:00,110.175
2019-03-26 01:00:00,110.086
2019-03-26 02:00:00,110.031
2019-03-26 03:00:00,110.052
2019-03-26 04:00:00,110.037
2019-03-26 05:00:00,110.135
2019-03-26 06:00:00,110.127
2019-03-26 07:00:00,110.184
2019-03-26 08:00:00,110.139
2019-03-26 09:00:00,110.377
2019-03-26 10:00:00,110.366
2019-03-26 11:00:00,110.408
2019-03-26 12:00:00,110.47
2019-03-26 13:00:00,110.65
2019-03-26 14:00:00,110.573
2019-03-26 15:00:00,110.485
2019-03-26 16:00:00,110.51
2019-03-26 17:00:00,110.456
2019-03-26 18:00:00,110.52
2019-03-26 19:00:00,110.59
2019-03-26 20:00:00,110.615
2019-03-26 21:00:00,110.611
2019-03-26 22:00:00,110.521
2019-03-26 23:00:00,110.565
2019-03-27 00:00:00,110.541
2019-03-27 01:00:00,110.536
2019-03-27 02:00:00,110.538
2019-03-27 03:00:00,110.543
2019-03-27 04:00:00,110.595
2019-03-27 05:00:00,110.625
2019-03-27 06:00:00,110.531
2019-03-27 07:00:00,110.681
2019-03-27 08:00:00,110.535
2019-03-27 09:00:00,110.428
2019-03-27 10:00:00,110.302
2019-03-27 11:00:00,110.413
2019-03-27 12:00:00,110.46
2019-03-27 13:00:00,110.39
2019-03-27 14:00:00,110.375
2019-03-27 15:00:00,110.382
2019-03-27 16:00:00,110.366
2019-03-27 17:00:00,110.484
2019-03-27 18:00:00,110.371
2019-03-27 19:00:00,110.52
2019-03-27 20:00:00,110.498
2019-03-27 21:00:00,110.442
2019-03-27 22:00:00,110.483
2019-03-27 23:00:00,110.495
2019-03-28 00:00:00,110.299
2019-03-28 01:00:00,110.15
2019-03-28 02:00:00,110.164
2019-03-28 03:00:00,110.175
2019-03-28 04:00:00,110.162
2019-03-28 05:00:00,110.076
2019-03-28 06:00:00,110.113
2019-03-28 07:00:00,110.071
2019-03-28 08:00:00,110.28
2019-03-28 09:00:00,110.325
2019-03-28 10:00:00,110.319
2019-03-28 11:00:00,110.347
2019-03-28 12:00:00,110.51
2019-03-28 13:00:00,110.77
2019-03-28 14:00:00,110.661
2019-03-28 15:00:00,110.548
2019-03-28 16:00:00,110.609
2019-03-28 17:00:00,110.562
2019-03-28 18:00:00,110.566
2019-03-28 19:00:00,110.572
2019-03-28 20:00:00,110.609
2019-03-28 21:00:00,110.626
2019-03-28 22:00:00,110.65
2019-03-28 23:00:00,110.626
2019-03-29 00:00:00,110.843
2019-03-29 01:00:00,110.746
2019-03-29 02:00:00,110.761
2019-03-29 03:00:00,110.722
2019-03-29 04:00:00,110.749
2019-03-29 05:00:00,110.738
2019-03-29 06:00:00,110.585
2019-03-29 07:00:00,110.736
2019-03-29 08:00:00,110.753
2019-03-29 09:00:00,110.792
2019-03-29 10:00:00,110.777
2019-03-29 11:00:00,110.749
2019-03-29 12:00:00,110.804
2019-03-29 13:00:00,110.739
2019-03-29 14:00:00,110.849
2019-03-29 15:00:00,110.673
2019-03-29 16:00:00,110.818
2019-03-29 17:00:00,110.764
2019-03-29 18:00:00,110.805
2019-03-29 19:00:00,110.806
2019-03-29 20:00:00,110.847
2019-03-31 18:00:00,110.954
2019-03-31 19:00:00,111.007
2019-03-31 20:00:00,111.013
2019-03-31 21:00:00,110.932
2019-03-31 22:00:00,110.936
2019-03-31 23:00:00,110.982
2019-04-01 00:00:00,111.075
2019-04-01 01:00:00,111.145
2019-04-01 02:00:00,111.118
2019-04-01 03:00:00,111.076
2019-04-01 04:00:00,111.01
2019-04-01 05:00:00,111.038
2019-04-01 06:00:00,111.061
2019-04-01 07:00:00,111.04
2019-04-01 08:00:00,111.005
2019-04-01 09:00:00,110.991
2019-04-01 10:00:00,110.948
2019-04-01 11:00:00,110.981
2019-04-01 12:00:00,110.932
2019-04-01 13:00:00,110.917
2019-04-01 14:00:00,111.191
2019-04-01 15:00:00,111.291
2019-04-01 16:00:00,111.417
2019-04-01 17:00:00,111.373
2019-04-01 18:00:00,111.37
2019-04-01 19:00:00,111.346
2019-04-01 20:00:00,111.337
2019-04-01 21:00:00,111.401
2019-04-01 22:00:00,111.397
2019-04-01 23:00:00,111.443
2019-04-02 00:00:00,111.383
2019-04-02 01:00:00,111.334
2019-04-02 02:00:00,111.328
2019-04-02 03:00:00,111.35
2019-04-02 04:00:00,111.34
2019-04-02 05:00:00,111.337
2019-04-02 06:00:00,111.368
2019-04-02 07:00:00,111.364
2019-04-02 08:00:00,111.385
2019-04-02 09:00:00,111.352
2019-04-02 10:00:00,111.35
2019-04-02 11:00:00,111.359
2019-04-02 12:00:00,111.367
2019-04-02 13:00:00,111.374
2019-04-02 14:00:00,111.297
2019-04-02 15:00:00,111.325
2019-04-02 16:00:00,111.346
2019-04-02 17:00:00,111.352
2019-04-02 18:00:00,111.376
2019-04-02 19:00:00,111.364
2019-04-02 20:00:00,111.312
2019-04-02 21:00:00,111.319
2019-04-02 22:00:00,111.325
2019-04-02 23:00:00,111.303
2019-04-03 00:00:00,111.469
2019-04-03 01:00:00,111.451
2019-04-03 02:00:00,111.491
2019-04-03 03:00:00,111.472
2019-04-03 04:00:00,111.354
2019-04-03 05:00:00,111.379
2019-04-03 06:00:00,111.506
2019-04-03 07:00:00,111.509
2019-04-03 08:00:00,111.501
2019-04-03 09:00:00,111.465
2019-04-03 10:00:00,111.5
2019-04-03 11:00:00,111.481
2019-04-03 12:00:00,111.453
2019-04-03 13:00:00,111.409
2019-04-03 14:00:00,111.476
2019-04-03 15:00:00,111.475
2019-04-03 16:00:00,111.465
2019-04-03 17:00:00,111.422
2019-04-03 18:00:00,111.456
2019-04-03 19:00:00,111.479
2019-04-03 20:00:00,111.476
2019-04-03 21:00:00,111.449
2019-04-03 22:00:00,111.459
2019-04-03 23:00:00,111.391
2019-04-04 00:00:00,111.473
2019-04-04 01:00:00,111.475
2019-04-04 02:00:00,111.424
2019-04-04 03:00:00,111.404
2019-04-04 04:00:00,111.399
2019-04-04 05:00:00,111.421
2019-04-04 06:00:00,111.363
2019-04-04 07:00:00,111.348
2019-04-04 08:00:00,111.408
2019-04-04 09:00:00,111.404
2019-04-04 10:00:00,111.396
2019-04-04 11:00:00,111.406
2019-04-04 12:00:00,111.476
2019-04-04 13:00:00,111.566
2019-04-04 14:00:00,111.561
2019-04-04 15:00:00,111.548
2019-04-04 16:00:00,111.542
2019-04-04 17:00:00,111.529
2019-04-04 18:00:00,111.59
2019-04-04 19:00:00,111.581
2019-04-04 20:00:00,111.649
2019-04-04 21:00:00,111.611
2019-04-04 22:00:00,111.631
2019-04-04 23:00:00,111.648
2019-04-05 00:00:00,111.728
2019-04-05 01:00:00,111.679
2019-04-05 02:00:00,111.712
2019-04-05 03:00:00,111.695
2019-04-05 04:00:00,111.693
2019-04-05 05:00:00,111.678
2019-04-05 06:00:00,111.662
2019-04-05 07:00:00,111.664
2019-04-05 08:00:00,111.679
2019-04-05 09:00:00,111.712
2019-04-05 10:00:00,111.718
2019-04-05 11:00:00,111.705
2019-04-05 12:00:00,111.635
2019-04-05 13:00:00,111.713
2019-04-05 14:00:00,111.731
2019-04-05 15:00:00,111.703
2019-04-05 16:00:00,111.727
2019-04-05 17:00:00,111.701
2019-04-05 18:00:00,111.686
2019-04-05 19:00:00,111.67
2019-04-05 20:00:00,111.694
2019-04-07 19:00:00,111.657
2019-04-07 21:00:00,111.68
2019-04-07 22:00:00,111.67
2019-04-07 23:00:00,111.708
2019-04-08 00:00:00,111.5
2019-04-08 01:00:00,111.491
2019-04-08 02:00:00,111.386
2019-04-08 03:00:00,111.398
2019-04-08 04:00:00,111.391
2019-04-08 05:00:00,111.417
2019-04-08 06:00:00,111.436
2019-04-08 07:00:00,111.445
2019-04-08 08:00:00,111.454
2019-04-08 09:00:00,111.406
2019-04-08 10:00:00,111.461
2019-04-08 11:00:00,111.445
2019-04-08 12:00:00,111.353
2019-04-08 13:00:00,111.305
2019-04-08 14:00:00,111.411
2019-04-08 15:00:00,111.468
2019-04-08 16:00:00,111.449
2019-04-08 17:00:00,111.48
2019-04-08 18:00:00,111.508
2019-04-08 19:00:00,111.479
2019-04-08 20:00:00,111.456
2019-04-08 21:00:00,111.483
2019-04-08 22:00:00,111.469
2019-04-08 23:00:00,111.445
2019-04-09 00:00:00,111.393
2019-04-09 01:00:00,111.323
2019-04-09 02:00:00,111.328
2019-04-09 03:00:00,111.373
2019-04-09 04:00:00,111.35
2019-04-09 05:00:00,111.326
2019-04-09 06:00:00,111.338
2019-04-09 07:00:00,111.256
2019-04-09 08:00:00,111.325
2019-04-09 09:00:00,111.262
2019-04-09 10:00:00,111.281
2019-04-09 11:00:00,111.345
2019-04-09 12:00:00,111.075
2019-04-09 13:00:00,111.088
2019-04-09 14:00:00,111.115
2019-04-09 15:00:00,111.081
2019-04-09 16:00:00,111.119
2019-04-09 17:00:00,111.112
2019-04-09 18:00:00,111.097
2019-04-09 19:00:00,111.128
2019-04-09 20:00:00,111.117
2019-04-09 21:00:00,111.125
2019-04-09 22:00:00,111.127
2019-04-09 23:00:00,111.086
2019-04-10 00:00:00,111.156
2019-04-10 01:00:00,111.095
2019-04-10 02:00:00,111.167
2019-04-10 03:00:00,111.144
2019-04-10 04:00:00,111.117
2019-04-10 05:00:00,111.167
2019-04-10 06:00:00,111.111
2019-04-10 07:00:00,111.175
2019-04-10 08:00:00,111.137
2019-04-10 09:00:00,111.118
2019-04-10 10:00:00,111.216
2019-04-10 11:00:00,111.156
2019-04-10 12:00:00,111.17
2019-04-10 13:00:00,111.062
2019-04-10 14:00:00,110.931
2019-04-10 15:00:00,110.92
2019-04-10 16:00:00,110.865
2019-04-10 17:00:00,110.852
2019-04-10 18:00:00,110.974
2019-04-10 19:00:00,110.957
2019-04-10 20:00:00,110.992
2019-04-10 21:00:00,110.909
2019-04-10 22:00:00,110.944
2019-04-10 23:00:00,110.981
2019-04-11 00:00:00,111.063
2019-04-11 01:00:00,111.057
2019-04-11 02:00:00,111.05
2019-04-11 03:00:00,111.055
2019-04-11 04:00:00,111.051
2019-04-11 05:00:00,111.066
2019-04-11 06:00:00,111.135
2019-04-11 07:00:00,111.088
2019-04-11 08:00:00,111.104
2019-04-11 09:00:00,111.099
2019-04-11 10:00:00,111.11
2019-04-11 11:00:00,111.184
2019-04-11 12:00:00,111.315
2019-04-11 13:00:00,111.328
2019-04-11 14:00:00,111.475
2019-04-11 15:00:00,111.479
2019-04-11 16:00:00,111.563
2019-04-11 17:00:00,111.558
2019-04-11 18:00:00,111.66
2019-04-11 19:00:00,111.634
2019-04-11 20:00:00,111.63
2019-04-11 21:00:00,111.613
2019-04-11 22:00:00,111.619
2019-04-11 23:00:00,111.64
2019-04-12 00:00:00,111.765
2019-04-12 01:00:00,111.706
2019-04-12 02:00:00,111.711
2019-04-12 03:00:00,111.752
2019-04-12 04:00:00,111.738
2019-04-12 05:00:00,111.777
2019-04-12 06:00:00,111.84
2019-04-12 07:00:00,111.855
2019-04-12 08:00:00,111.933
2019-04-12 09:00:00,111.888
2019-04-12 10:00:00,111.946
2019-04-12 11:00:00,111.976
2019-04-12 12:00:00,111.946
2019-04-12 13:00:00,111.905
2019-04-12 14:00:00,111.965
2019-04-12 15:00:00,111.992
2019-04-12 16:00:00,112.021
2019-04-12 17:00:00,112.017
2019-04-12 18:00:00,112.075
2019-04-12 19:00:00,112.004
2019-04-12 20:00:00,111.999
2019-04-14 19:00:00,111.945
2019-04-14 20:00:00,111.94
2019-04-14 21:00:00,111.968
2019-04-14 22:00:00,111.988
2019-04-14 23:00:00,112.033
2019-04-15 00:00:00,111.957
2019-04-15 01:00:00,111.96
2019-04-15 02:00:00,111.99
2019-04-15 03:00:00,111.921
2019-04-15 04:00:00,111.937
2019-04-15 05:00:00,111.909
2019-04-15 06:00:00,111.891
2019-04-15 07:00:00,111.911
2019-04-15 08:00:00,111.954
2019-04-15 09:00:00,111.929
2019-04-15 10:00:00,111.94
2019-04-15 11:00:00,111.966
2019-04-15 12:00:00,112.015
2019-04-15 13:00:00,112.021
2019-04-15 14:00:00,111.997
2019-04-15 15:00:00,111.998
2019-04-15 16:00:00,111.963
2019-04-15 17:00:00,112.008
2019-04-15 18:00:00,112.009
2019-04-15 19:00:00,111.975
2019-04-15 20:00:00,112.028
2019-04-15 21:00:00,111.967
2019-04-15 22:00:00,111.984
2019-04-15 23:00:00,111.945
2019-04-16 00:00:00,111.972
2019-04-16 01:00:00,111.95
2019-04-16 02:00:00,111.954
2019-04-16 03:00:00,111.936
2019-04-16 04:00:00,111.954
2019-04-16 05:00:00,111.919
2019-04-16 06:00:00,111.85
2019-04-16 07:00:00,111.889
2019-04-16 08:00:00,111.936
2019-04-16 09:00:00,111.866
2019-04-16 10:00:00,111.892
2019-04-16 11:00:00,111.922
2019-04-16 12:00:00,111.978
2019-04-16 13:00:00,111.951
2019-04-16 14:00:00,111.924
2019-04-16 15:00:00,111.951
2019-04-16 16:00:00,111.997
2019-04-16 17:00:00,111.965
2019-04-16 18:00:00,111.991
2019-04-16 19:00:00,112.009
2019-04-16 20:00:00,111.989
2019-04-16 21:00:00,111.995
2019-04-16 22:00:00,111.995
2019-04-16 23:00:00,111.989
2019-04-17 00:00:00,112.118
2019-04-17 01:00:00,112.024
2019-04-17 02:00:00,111.975
2019-04-17 03:00:00,111.951
2019-04-17 04:00:00,111.96
2019-04-17 05:00:00,111.986
2019-04-17 06:00:00,111.948
2019-04-17 07:00:00,112.008
2019-04-17 08:00:00,112.002
2019-04-17 09:00:00,112.016
2019-04-17 10:00:00,112.005
2019-04-17 11:00:00,111.975
2019-04-17 12:00:00,111.982
2019-04-17 13:00:00,111.948
2019-04-17 14:00:00,111.987
2019-04-17 15:00:00,111.993
2019-04-17 16:00:00,111.996
2019-04-17 17:00:00,112.031
2019-04-17 18:00:00,112.057
2019-04-17 19:00:00,112.085
2019-04-17 20:00:00,112.054
2019-04-17 21:00:00,112.022
2019-04-17 22:00:00,112.031
2019-04-17 23:00:00,112.028
2019-04-18 00:00:00,111.956
2019-04-18 01:00:00,111.9
2019-04-18 02:00:00,111.945
2019-04-18 03:00:00,111.874
2019-04-18 04:00:00,111.883
2019-04-18 05:00:00,111.865
2019-04-18 06:00:00,111.894
2019-04-18 07:00:00,111.835
2019-04-18 08:00:00,111.879
2019-04-18 09:00:00,111.909
2019-04-18 10:00:00,111.917
2019-04-18 11:00:00,111.892
2019-04-18 12:00:00,111.962
2019-04-18 13:00:00,111.871
2019-04-18 14:00:00,111.873
2019-04-18 15:00:00,111.938
2019-04-18 16:00:00,111.984
2019-04-18 17:00:00,111.944
2019-04-18 18:00:00,111.941
2019-04-18 19:00:00,111.928
2019-04-18 20:00:00,111.966
2019-04-18 21:00:00,111.96
2019-04-18 22:00:00,111.975
2019-04-18 23:00:00,111.987
2019-04-19 00:00:00,111.937
2019-04-19 01:00:00,111.933
2019-04-19 02:00:00,111.916
2019-04-19 03:00:00,111.924
2019-04-19 04:00:00,111.907
2019-04-19 05:00:00,111.909
2019-04-19 06:00:00,111.912
2019-04-19 07:00:00,111.914
2019-04-19 08:00:00,111.913
2019-04-19 09:00:00,111.915
2019-04-19 10:00:00,111.913
2019-04-19 11:00:00,111.912
2019-04-19 12:00:00,111.928
2019-04-19 13:00:00,111.921
2019-04-19 14:00:00,111.922
2019-04-19 15:00:00,111.918
2019-04-19 16:00:00,111.911
2019-04-19 17:00:00,111.917
2019-04-19 18:00:00,111.925
2019-04-19 19:00:00,111.921
2019-04-19 20:00:00,111.91
2019-04-21 22:00:00,111.911
2019-04-21 23:00:00,111.91
2019-04-22 00:00:00,111.969
2019-04-22 01:00:00,111.945
2019-04-22 02:00:00,111.945
2019-04-22 03:00:00,111.909
2019-04-22 04:00:00,111.921
2019-04-22 05:00:00,111.921
2019-04-22 06:00:00,111.894
2019-04-22 07:00:00,111.892
2019-04-22 08:00:00,111.917
2019-04-22 09:00:00,111.916
2019-04-22 10:00:00,111.914
2019-04-22 11:00:00,111.924
2019-04-22 12:00:00,111.906
2019-04-22 13:00:00,111.921
2019-04-22 14:00:00,111.915
2019-04-22 15:00:00,111.942
2019-04-22 16:00:00,111.93
2019-04-22 17:00:00,111.912
2019-04-22 18:00:00,111.93
2019-04-22 19:00:00,111.924
2019-04-22 20:00:00,111.928
2019-04-22 21:00:00,111.915
2019-04-22 22:00:00,111.931
2019-04-22 23:00:00,111.928
2019-04-23 00:00:00,111.697
2019-04-23 01:00:00,111.769
2019-04-23 02:00:00,111.763
2019-04-23 03:00:00,111.834
2019-04-23 04:00:00,111.859
2019-04-23 05:00:00,111.919
2019-04-23 06:00:00,111.867
2019-04-23 07:00:00,111.847
2019-04-23 08:00:00,111.857
2019-04-23 09:00:00,111.847
2019-04-23 10:00:00,111.858
2019-04-23 11:00:00,111.898
2019-04-23 12:00:00,111.972
2019-04-23 13:00:00,111.913
2019-04-23 14:00:00,111.878
2019-04-23 15:00:00,111.872
2019-04-23 16:00:00,111.786
2019-04-23 17:00:00,111.792
2019-04-23 18:00:00,111.835
2019-04-23 19:00:00,111.815
2019-04-23 20:00:00,111.841
2019-04-23 21:00:00,111.862
2019-04-23 22:00:00,111.869
2019-04-23 23:00:00,111.876
2019-04-24 00:00:00,111.898
2019-04-24 01:00:00,111.901
2019-04-24 02:00:00,111.883
2019-04-24 03:00:00,111.769
2019-04-24 04:00:00,111.825
2019-04-24 05:00:00,111.832
2019-04-24 06:00:00,111.815
2019-04-24 07:00:00,111.81
2019-04-24 08:00:00,111.823
2019-04-24 09:00:00,111.866
2019-04-24 10:00:00,111.857
2019-04-24 11:00:00,111.82
2019-04-24 12:00:00,111.835
2019-04-24 13:00:00,111.778
2019-04-24 14:00:00,111.742
2019-04-24 15:00:00,111.808
2019-04-24 16:00:00,111.909
2019-04-24 17:00:00,111.978
2019-04-24 18:00:00,112.356
2019-04-24 19:00:00,112.195
2019-04-24 20:00:00,112.164
2019-04-24 21:00:00,112.053
2019-04-24 22:00:00,112.091
2019-04-24 23:00:00,112.114
2019-04-25 00:00:00,112.118
2019-04-25 01:00:00,112.0
2019-04-25 02:00:00,111.96
2019-04-25 03:00:00,111.963
2019-04-25 04:00:00,111.966
2019-04-25 05:00:00,111.94
2019-04-25 06:00:00,111.852
2019-04-25 07:00:00,111.829
2019-04-25 08:00:00,111.86
2019-04-25 09:00:00,111.891
2019-04-25 10:00:00,111.82
2019-04-25 11:00:00,111.887
2019-04-25 12:00:00,111.807
2019-04-25 13:00:00,111.575
2019-04-25 14:00:00,111.439
2019-04-25 15:00:00,111.587
2019-04-25 16:00:00,111.576
2019-04-25 17:00:00,111.534
2019-04-25 18:00:00,111.606
2019-04-25 19:00:00,111.651
2019-04-25 20:00:00,111.593
2019-04-25 21:00:00,111.578
2019-04-25 22:00:00,111.569
2019-04-25 23:00:00,111.539
2019-04-26 00:00:00,111.645
2019-04-26 01:00:00,111.689
2019-04-26 02:00:00,111.638
2019-04-26 03:00:00,111.629
2019-04-26 04:00:00,111.654
2019-04-26 05:00:00,111.668
2019-04-26 06:00:00,111.631
2019-04-26 07:00:00,111.67
2019-04-26 08:00:00,111.652
2019-04-26 09:00:00,111.739
2019-04-26 10:00:00,111.737
2019-04-26 11:00:00,111.762
2019-04-26 12:00:00,111.639
2019-04-26 13:00:00,111.564
2019-04-26 14:00:00,111.542
2019-04-26 15:00:00,111.591
2019-04-26 16:00:00,111.567
2019-04-26 17:00:00,111.593
2019-04-26 18:00:00,111.596
2019-04-26 19:00:00,111.6
2019-04-26 20:00:00,111.53
2019-04-28 22:00:00,111.591
2019-04-28 23:00:00,111.591
2019-04-29 00:00:00,111.589
2019-04-29 01:00:00,111.626
2019-04-29 02:00:00,111.587
2019-04-29 03:00:00,111.593
2019-04-29 04:00:00,111.602
2019-04-29 05:00:00,111.617
2019-04-29 06:00:00,111.654
2019-04-29 07:00:00,111.75
2019-04-29 08:00:00,111.733
2019-04-29 09:00:00,111.704
2019-04-29 10:00:00,111.728
2019-04-29 11:00:00,111.728
2019-04-29 12:00:00,111.826
2019-04-29 13:00:00,111.879
2019-04-29 14:00:00,111.788
2019-04-29 15:00:00,111.792
2019-04-29 16:00:00,111.795
2019-04-29 17:00:00,111.761
2019-04-29 18:00:00,111.715
2019-04-29 19:00:00,111.658
2019-04-29 20:00:00,111.639
2019-04-29 21:00:00,111.638
2019-04-29 22:00:00,111.659
2019-04-29 23:00:00,111.673
2019-04-30 00:00:00,111.631
2019-04-30 01:00:00,111.567
2019-04-30 02:00:00,111.591
2019-04-30 03:00:00,111.562
2019-04-30 04:00:00,111.505
2019-04-30 05:00:00,111.52
2019-04-30 06:00:00,111.414
2019-04-30 07:00:00,111.323
2019-04-30 08:00:00,111.368
2019-04-30 09:00:00,111.303
2019-04-30 10:00:00,111.319
2019-04-30 11:00:00,111.264
2019-04-30 12:00:00,111.367
2019-04-30 13:00:00,111.276
2019-04-30 14:00:00,111.359
2019-04-30 15:00:00,111.395
2019-04-30 16:00:00,111.316
2019-04-30 17:00:00,111.341
2019-04-30 18:00:00,111.347
2019-04-30 19:00:00,111.386
2019-04-30 20:00:00,111.398
2019-04-30 21:00:00,111.436
2019-04-30 22:00:00,111.447
2019-04-30 23:00:00,111.392
2019-05-01 00:00:00,111.391
2019-05-01 01:00:00,111.431
2019-05-01 02:00:00,111.44
2019-05-01 03:00:00,111.49
2019-05-01 04:00:00,111.486
2019-05-01 05:00:00,111.47
2019-05-01 06:00:00,111.539
2019-05-01 07:00:00,111.459
2019-05-01 08:00:00,111.412
2019-05-01 09:00:00,111.308
2019-05-01 10:00:00,111.289
2019-05-01 11:00:00,111.295
2019-05-01 12:00:00,111.41
2019-05-01 13:00:00,111.353
2019-05-01 14:00:00,111.168
2019-05-01 15:00:00,111.177
2019-05-01 16:00:00,111.15
2019-05-01 17:00:00,111.125
2019-05-01 18:00:00,111.564
2019-05-01 19:00:00,111.43
2019-05-01 20:00:00,111.365
2019-05-01 21:00:00,111.401
2019-05-01 22:00:00,111.385
2019-05-01 23:00:00,111.442
2019-05-02 00:00:00,111.524
2019-05-02 01:00:00,111.543
2019-05-02 02:00:00,111.653
2019-05-02 03:00:00,111.541
2019-05-02 04:00:00,111.549
2019-05-02 05:00:00,111.552
2019-05-02 06:00:00,111.569
2019-05-02 07:00:00,111.499
2019-05-02 08:00:00,111.518
2019-05-02 09:00:00,111.535
2019-05-02 10:00:00,111.521
2019-05-02 11:00:00,111.507
2019-05-02 12:00:00,111.508
2019-05-02 13:00:00,111.516
2019-05-02 14:00:00,111.533
2019-05-02 15:00:00,111.386
2019-05-02 16:00:00,111.489
2019-05-02 17:00:00,111.477
2019-05-02 18:00:00,111.484
2019-05-02 19:00:00,111.512
2019-05-02 20:00:00,111.481
2019-05-02 21:00:00,111.503
2019-05-02 22:00:00,111.521
2019-05-02 23:00:00,111.491
2019-05-03 00:00:00,111.403
2019-05-03 01:00:00,111.427
2019-05-03 02:00:00,111.462
2019-05-03 03:00:00,111.47
2019-05-03 04:00:00,111.481
2019-05-03 05:00:00,111.478
2019-05-03 06:00:00,111.519
2019-05-03 07:00:00,111.47
2019-05-03 08:00:00,111.492
2019-05-03 09:00:00,111.469
2019-05-03 10:00:00,111.481
2019-05-03 11:00:00,111.504
2019-05-03 12:00:00,111.428
2019-05-03 13:00:00,111.338
2019-05-03 14:00:00,111.222
2019-05-03 15:00:00,111.266
2019-05-03 16:00:00,111.219
2019-05-03 17:00:00,111.192
2019-05-03 18:00:00,111.094
2019-05-03 19:00:00,111.085
2019-05-03 20:00:00,111.073
2019-05-05 22:00:00,110.806
2019-05-05 23:00:00,110.631
2019-05-06 00:00:00,110.301
2019-05-06 01:00:00,110.517
2019-05-06 02:00:00,110.555
2019-05-06 03:00:00,110.57
2019-05-06 04:00:00,110.832
2019-05-06 05:00:00,110.77
2019-05-06 06:00:00,110.674
2019-05-06 07:00:00,110.728
2019-05-06 08:00:00,110.71
2019-05-06 09:00:00,110.747
2019-05-06 10:00:00,110.78
2019-05-06 11:00:00,110.835
2019-05-06 12:00:00,110.901
2019-05-06 13:00:00,110.9
2019-05-06 14:00:00,110.868
2019-05-06 15:00:00,110.852
2019-05-06 16:00:00,110.799
2019-05-06 17:00:00,110.844
2019-05-06 18:00:00,110.909
2019-05-06 19:00:00,110.88
2019-05-06 20:00:00,110.737
2019-05-06 21:00:00,110.682
2019-05-06 22:00:00,110.776
2019-05-06 23:00:00,110.796
2019-05-07 00:00:00,110.71
2019-05-07 01:00:00,110.643
2019-05-07 02:00:00,110.73
2019-05-07 03:00:00,110.635
2019-05-07 04:00:00,110.649
2019-05-07 05:00:00,110.626
2019-05-07 06:00:00,110.715
2019-05-07 07:00:00,110.648
2019-05-07 08:00:00,110.557
2019-05-07 09:00:00,110.562
2019-05-07 10:00:00,110.575
2019-05-07 11:00:00,110.588
2019-05-07 12:00:00,110.652
2019-05-07 13:00:00,110.478
2019-05-07 14:00:00,110.391
2019-05-07 15:00:00,110.34
2019-05-07 16:00:00,110.329
2019-05-07 17:00:00,110.186
2019-05-07 18:00:00,110.252
2019-05-07 19:00:00,110.267
2019-05-07 20:00:00,110.228
2019-05-07 21:00:00,110.252
2019-05-07 22:00:00,110.246
2019-05-07 23:00:00,110.26
2019-05-08 00:00:00,110.121
2019-05-08 01:00:00,110.088
2019-05-08 02:00:00,110.014
2019-05-08 03:00:00,109.936
2019-05-08 04:00:00,109.957
2019-05-08 05:00:00,110.049
2019-05-08 06:00:00,110.102
2019-05-08 07:00:00,110.13
2019-05-08 08:00:00,110.141
2019-05-08 09:00:00,109.978
2019-05-08 10:00:00,109.998
2019-05-08 11:00:00,110.08
2019-05-08 12:00:00,110.132
2019-05-08 13:00:00,110.126
2019-05-08 14:00:00,110.188
2019-05-08 15:00:00,110.118
2019-05-08 16:00:00,110.131
2019-05-08 17:00:00,110.103
2019-05-08 18:00:00,110.127
2019-05-08 19:00:00,110.06
2019-05-08 20:00:00,110.088
2019-05-08 21:00:00,110.055
2019-05-08 22:00:00,110.061
2019-05-08 23:00:00,110.025
2019-05-09 00:00:00,109.937
2019-05-09 01:00:00,109.981
2019-05-09 02:00:00,109.915
2019-05-09 03:00:00,109.951
2019-05-09 04:00:00,109.926
2019-05-09 05:00:00,109.935
2019-05-09 06:00:00,109.828
2019-05-09 07:00:00,109.616
2019-05-09 08:00:00,109.698
2019-05-09 09:00:00,109.743
2019-05-09 10:00:00,109.875
2019-05-09 11:00:00,109.814
2019-05-09 12:00:00,109.753
2019-05-09 13:00:00,109.633
2019-05-09 14:00:00,109.554
2019-05-09 15:00:00,109.556
2019-05-09 16:00:00,109.778
2019-05-09 17:00:00,109.707
2019-05-09 18:00:00,109.684
2019-05-09 19:00:00,109.722
2019-05-09 20:00:00,109.745
2019-05-09 21:00:00,109.712
2019-05-09 22:00:00,109.716
2019-05-09 23:00:00,109.832
2019-05-10 00:00:00,109.872
2019-05-10 01:00:00,110.028
2019-05-10 02:00:00,109.839
2019-05-10 03:00:00,109.764
2019-05-10 04:00:00,109.704
2019-05-10 05:00:00,109.734
2019-05-10 06:00:00,109.776
2019-05-10 07:00:00,109.761
2019-05-10 08:00:00,109.826
2019-05-10 09:00:00,109.823
2019-05-10 10:00:00,109.758
2019-05-10 11:00:00,109.737
2019-05-10 12:00:00,109.673
2019-05-10 13:00:00,109.649
2019-05-10 14:00:00,109.576
2019-05-10 15:00:00,109.551
2019-05-10 16:00:00,109.676
2019-05-10 17:00:00,109.847
2019-05-10 18:00:00,109.9
2019-05-10 19:00:00,109.931
2019-05-10 20:00:00,109.934
2019-05-12 22:00:00,109.761
2019-05-12 23:00:00,109.641
2019-05-13 00:00:00,109.71
2019-05-13 01:00:00,109.77
2019-05-13 02:00:00,109.74
2019-05-13 03:00:00,109.756
2019-05-13 04:00:00,109.77
2019-05-13 05:00:00,109.737
2019-05-13 06:00:00,109.731
2019-05-13 07:00:00,109.636
2019-05-13 08:00:00,109.651
2019-05-13 09:00:00,109.675
2019-05-13 10:00:00,109.659
2019-05-13 11:00:00,109.618
2019-05-13 12:00:00,109.131
2019-05-13 13:00:00,109.091
2019-05-13 14:00:00,109.118
2019-05-13 15:00:00,109.184
2019-05-13 16:00:00,109.136
2019-05-13 17:00:00,109.266
2019-05-13 18:00:00,109.325
2019-05-13 19:00:00,109.326
2019-05-13 20:00:00,109.304
2019-05-13 21:00:00,109.206
2019-05-13 22:00:00,109.222
2019-05-13 23:00:00,109.154
2019-05-14 00:00:00,109.413
2019-05-14 01:00:00,109.576
2019-05-14 02:00:00,109.552
2019-05-14 03:00:00,109.585
2019-05-14 04:00:00,109.653
2019-05-14 05:00:00,109.643
2019-05-14 06:00:00,109.636
2019-05-14 07:00:00,109.669
2019-05-14 08:00:00,109.662
2019-05-14 09:00:00,109.646
2019-05-14 10:00:00,109.669
2019-05-14 11:00:00,109.62
2019-05-14 12:00:00,109.547
2019-05-14 13:00:00,109.567
2019-05-14 14:00:00,109.576
2019-05-14 15:00:00,109.665
2019-05-14 16:00:00,109.651
2019-05-14 17:00:00,109.691
2019-05-14 18:00:00,109.62
2019-05-14 19:00:00,109.599
2019-05-14 20:00:00,109.586
2019-05-14 21:00:00,109.636
2019-05-14 22:00:00,109.645
2019-05-14 23:00:00,109.67
2019-05-15 00:00:00,109.582
2019-05-15 01:00:00,109.641
2019-05-15 02:00:00,109.645
2019-05-15 03:00:00,109.633
2019-05-15 04:00:00,109.642
2019-05-15 05:00:00,109.68
2019-05-15 06:00:00,109.686
2019-05-15 07:00:00,109.504
2019-05-15 08:00:00,109.403
2019-05-15 09:00:00,109.338
2019-05-15 10:00:00,109.356
2019-05-15 11:00:00,109.326
2019-05-15 12:00:00,109.27
2019-05-15 13:00:00,109.352
2019-05-15 14:00:00,109.531
2019-05-15 16:00:00,109.43
2019-05-15 17:00:00,109.481
2019-05-15 18:00:00,109.544
2019-05-15 19:00:00,109.551
2019-05-15 20:00:00,109.59
2019-05-15 21:00:00,109.581
2019-05-15 22:00:00,109.551
2019-05-15 23:00:00,109.466
2019-05-16 00:00:00,109.451
2019-05-16 01:00:00,109.406
2019-05-16 02:00:00,109.472
2019-05-16 03:00:00,109.487
2019-05-16 04:00:00,109.457
2019-05-16 05:00:00,109.463
2019-05-16 06:00:00,109.463
2019-05-16 07:00:00,109.447
2019-05-16 08:00:00,109.546
2019-05-16 09:00:00,109.567
2019-05-16 10:00:00,109.636
2019-05-16 11:00:00,109.671
2019-05-16 12:00:00,109.739
2019-05-16 13:00:00,109.835
2019-05-16 14:00:00,109.933
2019-05-16 15:00:00,109.884
2019-05-16 16:00:00,109.846
2019-05-16 17:00:00,109.812
2019-05-16 18:00:00,109.843
2019-05-16 19:00:00,109.82
2019-05-16 20:00:00,109.832
2019-05-16 21:00:00,109.853
2019-05-16 22:00:00,109.856
2019-05-16 23:00:00,109.875
2019-05-17 00:00:00,109.954
2019-05-17 01:00:00,109.948
2019-05-17 02:00:00,109.846
2019-05-17 03:00:00,109.679
2019-05-17 04:00:00,109.71
2019-05-17 05:00:00,109.629
2019-05-17 06:00:00,109.615
2019-05-17 07:00:00,109.722
2019-05-17 08:00:00,109.61
2019-05-17 09:00:00,109.695
2019-05-17 10:00:00,109.64
2019-05-17 11:00:00,109.562
2019-05-17 12:00:00,109.611
2019-05-17 13:00:00,109.716
2019-05-17 14:00:00,109.963
2019-05-17 15:00:00,109.875
2019-05-17 16:00:00,109.942
2019-05-17 17:00:00,110.046
2019-05-17 18:00:00,110.105
2019-05-17 19:00:00,109.997
2019-05-17 20:00:00,110.052
2019-05-19 22:00:00,110.03
2019-05-19 23:00:00,110.168
2019-05-20 00:00:00,110.219
2019-05-20 01:00:00,110.203
2019-05-20 02:00:00,110.228
2019-05-20 03:00:00,110.197
2019-05-20 04:00:00,110.21
2019-05-20 05:00:00,110.137
2019-05-20 06:00:00,110.162
2019-05-20 07:00:00,110.103
2019-05-20 08:00:00,110.009
2019-05-20 09:00:00,110.073
2019-05-20 10:00:00,109.909
2019-05-20 11:00:00,109.877
2019-05-20 12:00:00,109.915
2019-05-20 13:00:00,109.941
2019-05-20 14:00:00,109.962
2019-05-20 15:00:00,109.951
2019-05-20 16:00:00,109.963
2019-05-20 17:00:00,109.969
2019-05-20 18:00:00,109.971
2019-05-20 19:00:00,110.026
2019-05-20 20:00:00,110.048
2019-05-20 21:00:00,110.073
2019-05-20 22:00:00,110.03
2019-05-20 23:00:00,110.081
2019-05-21 00:00:00,110.142
2019-05-21 01:00:00,110.181
2019-05-21 02:00:00,110.185
2019-05-21 03:00:00,110.222
2019-05-21 04:00:00,110.17
2019-05-21 05:00:00,110.16
2019-05-21 06:00:00,110.195
2019-05-21 07:00:00,110.119
2019-05-21 08:00:00,110.106
2019-05-21 09:00:00,110.182
2019-05-21 10:00:00,110.279
2019-05-21 11:00:00,110.421
2019-05-21 12:00:00,110.539
2019-05-21 13:00:00,110.57
2019-05-21 14:00:00,110.597
2019-05-21 15:00:00,110.619
2019-05-21 16:00:00,110.617
2019-05-21 17:00:00,110.657
2019-05-21 18:00:00,110.622
2019-05-21 19:00:00,110.537
2019-05-21 20:00:00,110.489
2019-05-21 21:00:00,110.508
2019-05-21 22:00:00,110.539
2019-05-21 23:00:00,110.559
2019-05-22 00:00:00,110.49
2019-05-22 01:00:00,110.576
2019-05-22 02:00:00,110.53
2019-05-22 03:00:00,110.503
2019-05-22 04:00:00,110.448
2019-05-22 05:00:00,110.447
2019-05-22 06:00:00,110.42
2019-05-22 07:00:00,110.364
2019-05-22 08:00:00,110.414
2019-05-22 09:00:00,110.451
2019-05-22 10:00:00,110.451
2019-05-22 11:00:00,110.366
2019-05-22 12:00:00,110.369
2019-05-22 13:00:00,110.361
2019-05-22 14:00:00,110.323
2019-05-22 15:00:00,110.278
2019-05-22 16:00:00,110.245
2019-05-22 17:00:00,110.274
2019-05-22 18:00:00,110.281
2019-05-22 19:00:00,110.329
2019-05-22 20:00:00,110.346
2019-05-22 21:00:00,110.322
2019-05-22 22:00:00,110.298
2019-05-22 23:00:00,110.212
2019-05-23 00:00:00,110.206
2019-05-23 01:00:00,110.21
2019-05-23 02:00:00,110.266
2019-05-23 03:00:00,110.334
2019-05-23 04:00:00,110.326
2019-05-23 05:00:00,110.288
2019-05-23 06:00:00,110.244
2019-05-23 07:00:00,110.292
2019-05-23 08:00:00,110.136
2019-05-23 09:00:00,110.049
2019-05-23 10:00:00,110.035
2019-05-23 11:00:00,110.093
2019-05-23 12:00:00,109.986
2019-05-23 13:00:00,109.808
2019-05-23 14:00:00,109.73
2019-05-23 15:00:00,109.573
2019-05-23 16:00:00,109.509
2019-05-23 17:00:00,109.576
2019-05-23 18:00:00,109.481
2019-05-23 19:00:00,109.597
2019-05-23 20:00:00,109.6
2019-05-23 21:00:00,109.609
2019-05-23 22:00:00,109.497
2019-05-23 23:00:00,109.552
2019-05-24 00:00:00,109.687
2019-05-24 01:00:00,109.659
2019-05-24 02:00:00,109.606
2019-05-24 03:00:00,109.578
2019-05-24 04:00:00,109.573
2019-05-24 05:00:00,109.609
2019-05-24 06:00:00,109.519
2019-05-24 07:00:00,109.524
2019-05-24 08:00:00,109.532
2019-05-24 09:00:00,109.643
2019-05-24 10:00:00,109.669
2019-05-24 11:00:00,109.619
2019-05-24 12:00:00,109.513
2019-05-24 13:00:00,109.567
2019-05-24 14:00:00,109.346
2019-05-24 15:00:00,109.37
2019-05-24 16:00:00,109.37
2019-05-24 17:00:00,109.338
2019-05-24 18:00:00,109.322
2019-05-24 19:00:00,109.293
2019-05-24 20:00:00,109.27
2019-05-26 22:00:00,109.399
2019-05-26 23:00:00,109.393
2019-05-27 00:00:00,109.474
2019-05-27 01:00:00,109.418
2019-05-27 02:00:00,109.454
2019-05-27 03:00:00,109.442
2019-05-27 04:00:00,109.478
2019-05-27 05:00:00,109.47
2019-05-27 06:00:00,109.555
2019-05-27 07:00:00,109.565
